,p0,p1,p2,p3,p4,trips0,trips1,trips2,trips3,trips4,date,hour,doc_id
0,0.0,0.0,0.525676291275927,0.0,0.4712397079738955,0.0,0.0,624.5034340358012,0.0,559.8327730729878,2013-10-02,0,0
1,0.0,0.07412292685553597,0.03276868804831872,0.0,0.8891548493101962,0.0,54.702720019385545,24.183291779659218,0.0,656.1962787909248,2013-10-02,1,1
2,0.0,0.0,0.0,0.0,0.9885767590533784,0.0,0.0,0.0,0.0,470.5625373094081,2013-10-02,2,2
3,0.0,0.0,0.0,0.0,0.982472269626764,0.0,0.0,0.0,0.0,275.0922354954939,2013-10-02,3,3
4,0.0,0.44819266332122965,0.0,0.05243455409606161,0.4925358851466083,0.0,135.35418432301134,0.0,15.835235337010607,148.7458373142757,2013-10-02,4,4
5,0.1856175112424069,0.0,0.0,0.6662037367309543,0.14044690023648515,76.47441463187165,0.0,0.0,274.47593953315317,57.86412289743188,2013-10-02,5,5
6,0.014219044803952093,0.0,0.0,0.9707061912408969,0.011232935233698236,14.972654178561553,0.0,0.0,1022.1536193766644,11.828280801084242,2013-10-02,6,6
7,0.0,0.0,0.0,0.9963066243022007,0.0,0.0,0.0,0.0,2371.2097658392377,0.0,2013-10-02,7,7
8,0.0,0.0,0.0,0.9962387914621949,0.0,0.0,0.0,0.0,2553.3600225176056,0.0,2013-10-02,8,8
9,0.0,0.0,0.0,0.995572532809532,0.0,0.0,0.0,0.0,2440.148277916163,0.0,2013-10-02,9,9
10,0.0,0.13662884901213804,0.0,0.8589343850913179,0.0,0.0,305.77536408916495,0.0,1922.2951538343696,0.0,2013-10-02,10,10
11,0.0,0.26260073539495776,0.0,0.7333484928305205,0.0,0.0,554.0875516833609,0.0,1547.3653198723982,0.0,2013-10-02,11,11
12,0.0,0.4116467163754548,0.0,0.5850257147245878,0.0,0.0,938.9661600524124,0.0,1334.4436552867846,0.0,2013-10-02,12,12
13,0.0,0.0,0.12807655655639583,0.8685263513399224,0.0,0.0,0.0,270.62576400366436,1835.196180381256,0.0,2013-10-02,13,13
14,0.0,0.0,0.1651040178429074,0.8293521720641307,0.0,0.0,0.0,392.4522504125909,1971.3701129964386,0.0,2013-10-02,14,14
15,0.0,0.0,0.01435718389764215,0.9822764581498703,0.0,0.0,0.0,32.00216290784435,2189.494225216061,0.0,2013-10-02,15,15
16,0.11652352883064407,0.0,0.10405759940688993,0.7763327868364703,0.0,207.5284048473771,0.0,185.32658454367095,1382.6486933557537,0.0,2013-10-02,16,16
17,0.0,0.31791590375624773,0.1801404196282047,0.5001660698218745,0.0,0.0,723.2586810454636,409.8194546541657,1137.8778088447646,0.0,2013-10-02,17,17
18,0.0,0.4840256460608316,0.21771825774412953,0.29669045841861713,0.0,0.0,1406.0945018067157,632.4715387466963,861.8857817060828,0.0,2013-10-02,18,18
19,0.0,0.0,0.7669420692151527,0.23093087101969215,0.0,0.0,0.0,2425.837764927528,730.4343450352862,0.0,2013-10-02,19,19
20,0.0,0.0,0.9629002905960162,0.035085265090747435,0.0,0.0,0.0,2999.4344052065903,109.29060075767826,0.0,2013-10-02,20,20
21,0.0,0.0,0.7551438818707076,0.04553623920603527,0.19792246311822248,0.0,0.0,2322.8225806342966,140.0694717977645,608.8094965516524,2013-10-02,21,21
22,0.0,0.0,0.8529986973306778,0.0,0.1451965445656699,0.0,0.0,2371.3363785792844,0.0,403.64639389256234,2013-10-02,22,22
23,0.0,0.0,0.420328947180334,0.0,0.5773399788150133,0.0,0.0,920.1000653777511,0.0,1263.7972136260641,2013-10-02,23,23
24,0.0,0.0,0.25341899565562415,0.0,0.7435138086991046,0.0,0.0,416.6208288578461,0.0,1222.336701501328,2013-10-31,0,24
25,0.0,0.0,0.0,0.0,0.9913644389462605,0.0,0.0,0.0,0.0,1063.7340429893375,2013-10-31,1,25
26,0.0,0.0,0.0,0.0,0.989694068020962,0.0,0.0,0.0,0.0,612.6206281049755,2013-10-31,2,26
27,0.0,0.0,0.0,0.07274905829668478,0.9169657981345295,0.0,0.0,0.0,28.00838744422364,353.03183228179387,2013-10-31,3,27
28,0.0,0.0,0.0,0.2640526036245618,0.7244989029382196,0.0,0.0,0.0,95.85109511571594,262.9931017665737,2013-10-31,4,28
29,0.0,0.5478286678246455,0.0,0.320727778601047,0.125972876416348,0.0,272.81867657667345,0.0,159.7224337433214,62.734492455341304,2013-10-31,5,29
30,0.11362156073756162,0.0,0.0,0.8775262284382286,0.0,130.5511732874583,0.0,0.0,1008.2776364755247,0.0,2013-10-31,6,30
31,0.0,0.0,0.0,0.9960134427452555,0.0,0.0,0.0,0.0,2149.3970094442616,0.0,2013-10-31,7,31
32,0.0,0.0,0.0,0.9963761504500526,0.0,0.0,0.0,0.0,2624.4547802854386,0.0,2013-10-31,8,32
33,0.0,0.0,0.0,0.9780418865652385,0.018345468672809576,0.0,0.0,0.0,2396.2026220848343,44.94639824838346,2013-10-31,9,33
34,0.0,0.0216960198267348,0.07013852759307487,0.9051719192491907,0.0,0.0,46.62474660765308,150.7276957975179,1945.214454466511,0.0,2013-10-31,10,34
35,0.0,0.1584041000486496,0.01695563666484172,0.8223138817108904,0.0,0.0,356.4092251094616,38.150182495893866,1850.2062338495034,0.0,2013-10-31,11,35
36,0.0,0.0,0.01693445210702235,0.965017604080198,0.016015858334303284,0.0,0.0,40.947505194780035,2333.412566665919,38.72634545234534,2013-10-31,12,36
37,0.0,0.0,0.11939999532423791,0.8772437581500637,0.0,0.0,0.0,296.94778837137966,2181.7052265192083,0.0,2013-10-31,13,37
38,0.0,0.3570218787499626,0.07471079773077699,0.566360898522817,0.0,0.0,844.7137651224115,176.76574743101835,1340.0098859049851,0.0,2013-10-31,14,38
39,0.0,0.525456867340258,0.021437749269877456,0.45118386370677743,0.0,0.0,1188.0579770563234,48.47075109919293,1020.1267158410237,0.0,2013-10-31,15,39
40,0.05869849546221425,0.1745752228177179,0.15951400739629534,0.6059328669505117,0.0,102.83976404979937,305.8557903766418,279.46854095830946,1061.5943828972966,0.0,2013-10-31,16,40
41,0.0,0.519346261240808,0.13744492290059365,0.3415739409023881,0.0,0.0,1236.5634480143638,327.2563614263135,813.287553288586,0.0,2013-10-31,17,41
42,0.1605132486366869,0.0,0.45088924571855393,0.386476423583244,0.0,442.0534867454357,0.0,1241.7489827088975,1064.3560705482541,0.0,2013-10-31,18,42
43,0.0,0.0,0.8079507537866777,0.18997445613160152,0.0,0.0,0.0,2452.130537742567,576.5724743594106,0.0,2013-10-31,19,43
44,0.0,0.0,0.9047159424976163,0.09305287806240538,0.0,0.0,0.0,2606.4866303356325,268.0853416977899,0.0,2013-10-31,20,44
45,0.0,0.0,0.9965737242542612,0.0,0.0,0.0,0.0,2887.0740791645944,0.0,0.0,2013-10-31,21,45
46,0.0,0.0,0.9645911535730128,0.0,0.03347969735311223,0.0,0.0,2715.324097308031,0.0,94.24534804901093,2013-10-31,22,46
47,0.0,0.0,0.6833418411251193,0.0,0.3149911927874054,0.0,0.0,1931.8073848607123,0.0,890.480102009995,2013-10-31,23,47
48,0.0,0.0,0.47613784113929425,0.0,0.5213402618043683,0.0,0.0,726.1102077374237,0.0,795.0438992516617,2013-10-17,0,48
49,0.17420683184602584,0.0,0.0,0.0,0.8175206362818016,159.2250443072676,0.0,0.0,0.0,747.2138615615667,2013-10-17,1,49
50,0.0,0.0,0.0,0.01808751931022561,0.9753417634708346,0.0,0.0,0.0,11.28661204958078,608.6132604058008,2013-10-17,2,50
51,0.0,0.0,0.0,0.014123389857690865,0.9741476683012398,0.0,0.0,0.0,4.759582382041821,328.2877642175178,2013-10-17,3,51
52,0.0,0.0,0.0,0.44949789659235956,0.5404124455686594,0.0,0.0,0.0,151.93028904821753,182.65940660220687,2013-10-17,4,52
53,0.0,0.0,0.0,0.8528826822908069,0.1371628803470888,0.0,0.0,0.0,402.56062604126083,64.74087952382591,2013-10-17,5,53
54,0.0,0.0,0.0,0.9825138370787084,0.013054802179670992,0.0,0.0,0.0,1192.771798213552,15.848529846120584,2013-10-17,6,54
55,0.0,0.0,0.0,0.9962475661532597,0.0,0.0,0.0,0.0,2285.3919167555778,0.0,2013-10-17,7,55
56,0.015344038599815335,0.0,0.0,0.9818107761256493,0.0,42.395578651289775,0.0,0.0,2712.743174435169,0.0,2013-10-17,8,56
57,0.08531192754036132,0.0,0.0,0.910926986590336,0.0,223.09069051804485,0.0,0.0,2382.0740699337284,0.0,2013-10-17,9,57
58,0.0,0.0,0.0,0.9949136759928489,0.0,0.0,0.0,0.0,2292.2811094875237,0.0,2013-10-17,10,58
59,0.0,0.0,0.18036437228101984,0.8161880306012719,0.0,0.0,0.0,398.4248983687728,1802.9593595982096,0.0,2013-10-17,11,59
60,0.0,0.3242955437408037,0.0,0.6717169989489662,0.0,0.0,768.256143121964,0.0,1591.297570510101,0.0,2013-10-17,12,60
61,0.0,0.0,0.1255631195116388,0.871290383063482,0.0,0.0,0.0,294.69664149381623,2044.9185290499925,0.0,2013-10-17,13,61
62,0.0,0.3471229776800202,0.0,0.6498528617221958,0.0,0.0,836.2192532311686,0.0,1565.4955438887696,0.0,2013-10-17,14,62
63,0.0,0.06802875941895616,0.12504817803898335,0.8047934366426428,0.0,0.0,158.84715324326262,291.9874957210261,1879.192674560571,0.0,2013-10-17,15,63
64,0.01428377900640898,0.09831708254915614,0.06852657938853875,0.8177103852087609,0.0,26.639247846952745,183.36135895417618,127.80207055962477,1525.029868414339,0.0,2013-10-17,16,64
65,0.0,0.0,0.41752989724262213,0.5798166747998429,0.0,0.0,0.0,1028.3761369085782,1428.088470032013,0.0,2013-10-17,17,65
66,0.0,0.0,0.5951348212718218,0.40249397045056323,0.0,0.0,0.0,1834.8006539810267,1240.8889108990863,0.0,2013-10-17,18,66
67,0.0,0.44926964380575085,0.4586708973534273,0.0907874484696883,0.0,0.0,1480.792745983755,1511.7792776768963,299.2354301560926,0.0,2013-10-17,19,67
68,0.0,0.0,0.8766994241113628,0.1016719683620992,0.020400124811328014,0.0,0.0,3005.3256258537517,348.53150754527604,69.93162785323243,2013-10-17,20,68
69,0.0,0.0,0.7103567751419466,0.051053564716908084,0.23730976103417017,0.0,0.0,2167.2985209580793,155.76442595128657,724.0320809152532,2013-10-17,21,69
70,0.0,0.0,0.9911559959253593,0.0,0.0,0.0,0.0,3035.9108155193753,0.0,0.0,2013-10-17,22,70
71,0.0,0.0,0.5141645564683797,0.0,0.48408831954098075,0.0,0.0,1404.6975682716131,0.0,1322.5292889859595,2013-10-17,23,71
72,0.0,0.0,0.3201951209305473,0.0,0.6751933171356443,0.0,0.0,376.2292670933931,0.0,793.352147634382,2013-10-22,0,72
73,0.16723954453918083,0.0,0.01591594113969041,0.0,0.8110897368426797,101.68164307982194,0.0,9.67689221293177,0.0,493.14256000034925,2013-10-22,1,73
74,0.0,0.0,0.0,0.0,0.988206197212618,0.0,0.0,0.0,0.0,373.5419425463696,2013-10-22,2,74
75,0.0,0.0,0.02752692169782557,0.0,0.9552049577442182,0.0,0.0,5.945815086730323,0.0,206.32427087275113,2013-10-22,3,75
76,0.0,0.10895940569031123,0.0,0.40487040058932416,0.4752167603938057,0.0,29.310080130693724,0.0,108.9101377585282,127.83330854593375,2013-10-22,4,76
77,0.0,0.0,0.0,0.971456766330743,0.019610547470280983,0.0,0.0,0.0,419.669323054881,8.471756507161384,2013-10-22,5,77
78,0.0,0.0,0.0,0.9508156892550601,0.04427917348321248,0.0,0.0,0.0,1086.7823328185336,50.61109529131187,2013-10-22,6,78
79,0.0,0.12399045455899824,0.0,0.87285901203577,0.0,0.0,283.69016003098795,0.0,1997.1014195378418,0.0,2013-10-22,7,79
80,0.0,0.0,0.0,0.9964879775970602,0.0,0.0,0.0,0.0,2582.89683793158,0.0,2013-10-22,8,80
81,0.0,0.0,0.0,0.9959557891923118,0.0,0.0,0.0,0.0,2503.832854029472,0.0,2013-10-22,9,81
82,0.06583359839681664,0.0,0.0,0.924200665857251,0.0,141.73973734834624,0.0,0.0,1989.8040335906614,0.0,2013-10-22,10,82
83,0.0,0.0,0.05729171269499357,0.939131317078578,0.0,0.0,0.0,124.60947511161102,2042.6106146459072,0.0,2013-10-22,11,83
84,0.0,0.0,0.09972239479433072,0.8963827036889164,0.0,0.0,0.0,221.88232841738585,1994.451515707839,0.0,2013-10-22,12,84
85,0.0,0.0,0.03993017379301199,0.9565346329425652,0.0,0.0,0.0,89.52344964393288,2144.5506470572313,0.0,2013-10-22,13,85
86,0.0,0.21325931182853705,0.05632384611068191,0.7275776401882083,0.0,0.0,534.4278354423138,141.14755835336888,1823.3095663116499,0.0,2013-10-22,14,86
87,0.0,0.3343165396470542,0.0,0.6614281528876123,0.0,0.0,739.8425022389309,0.0,1463.740502340286,0.0,2013-10-22,15,87
88,0.0,0.0,0.08702961349822068,0.9089693614814337,0.0,0.0,0.0,149.16875753595025,1557.9734855791773,0.0,2013-10-22,16,88
89,0.0,0.05298030637237933,0.3769559636988863,0.5682531144208899,0.0,0.0,130.06665214419124,925.4268908807659,1395.0613959032846,0.0,2013-10-22,17,89
90,0.0,0.0,0.6439982064218287,0.3535438948424335,0.0,0.0,0.0,1986.0904686049198,1090.3293716940648,0.0,2013-10-22,18,90
91,0.0,0.0,0.8100921239438378,0.18746743603636357,0.0,0.0,0.0,2678.1645617583276,619.7673435362179,0.0,2013-10-22,19,91
92,0.0,0.0,0.9753705081084902,0.022623986932736075,0.0,0.0,0.0,2938.7913409308812,68.1660726283338,0.0,2013-10-22,20,92
93,0.0,0.0,0.9970372723408636,0.0,0.0,0.0,0.0,2972.1681088481146,0.0,0.0,2013-10-22,21,93
94,0.0,0.11561618847372679,0.692930429412676,0.0,0.19006607413318383,0.0,308.2327584709556,1847.3525248141943,0.0,506.71615363906807,2013-10-22,22,94
95,0.0,0.0,0.7032759761279469,0.0,0.29450939094398687,0.0,0.0,1341.8505624521226,0.0,561.923917921127,2013-10-22,23,95
96,0.0,0.0,0.23676439760956358,0.0,0.7583661054131736,0.0,0.0,297.1393190000023,0.0,951.7494622935329,2013-10-14,0,96
97,0.0,0.0,0.05281435614571198,0.04961574874667236,0.8938142004954758,0.0,0.0,40.667054232198225,38.204126534937714,688.2369343815163,2013-10-14,1,97
98,0.19849057155196886,0.0,0.0,0.0,0.7924054326064055,106.19245578030335,0.0,0.0,0.0,423.93690644442694,2013-10-14,2,98
99,0.0,0.0,0.0,0.05336079273045155,0.9361290624216482,0.0,0.0,0.0,22.144728983137394,388.493560904984,2013-10-14,3,99
100,0.11200235933557758,0.0,0.0,0.2732936203380169,0.6083338004355467,41.21686823549255,0.0,0.0,100.57205228439022,223.8668385602812,2013-10-14,4,100
101,0.0,0.43474696879051444,0.0,0.4540247140524082,0.10603304897820057,0.0,192.15816020540737,0.0,200.6789236111644,46.86660764836465,2013-10-14,5,101
102,0.0,0.1314619271137779,0.0,0.8145017269120324,0.05020876400201593,0.0,110.03363299423211,0.0,681.7379454253711,42.024735469687336,2013-10-14,6,102
103,0.0,0.12136308056021232,0.0,0.8745369093044278,0.0,0.0,173.67056828166383,0.0,1251.4623172146362,0.0,2013-10-14,7,103
104,0.0,0.16177803884747563,0.0,0.834967482310882,0.0,0.0,301.5542644116946,0.0,1556.3793870274842,0.0,2013-10-14,8,104
105,0.0,0.19349507903665158,0.0,0.8031282844836733,0.0,0.0,401.502289001052,0.0,1666.4911903036223,0.0,2013-10-14,9,105
106,0.0,0.23529214543856256,0.0,0.7597648302269704,0.0,0.0,433.17283975239366,0.0,1398.7270524478524,0.0,2013-10-14,10,106
107,0.0,0.0,0.056574101536688334,0.9392416632307184,0.0,0.0,0.0,107.60394112278121,1786.4376434648266,0.0,2013-10-14,11,107
108,0.0,0.5503944044102487,0.0,0.4458684909672608,0.0,0.0,1072.7186941955747,0.0,868.9976888951912,0.0,2013-10-14,12,108
109,0.0,0.457965056263294,0.0,0.5376613047672454,0.0,0.0,901.7331957824258,0.0,1058.6551090867063,0.0,2013-10-14,13,109
110,0.0,0.04266374762592986,0.32771524283265757,0.6274484503843208,0.0,0.0,81.53042171315197,626.2638290532086,1199.0539886844372,0.0,2013-10-14,14,110
111,0.0,0.6433663286199709,0.0,0.3522191771998764,0.0,0.0,1357.5029533881386,0.0,743.1824638917392,0.0,2013-10-14,15,111
112,0.0,0.0,0.36379500378022617,0.6326709688535423,0.0,0.0,0.0,688.6639421559681,1197.6461440397557,0.0,2013-10-14,16,112
113,0.0,0.7543506961933306,0.0,0.24138617756920186,0.0,0.0,1699.5521185235739,0.0,543.8430580634118,0.0,2013-10-14,17,113
114,0.0,0.4749328329914463,0.327844992755122,0.19551346635622982,0.0,0.0,1298.4663653986142,896.3282101925037,534.5338170179323,0.0,2013-10-14,18,114
115,0.0,0.0,0.7585789585287458,0.22971514062372883,0.0,0.0,0.0,2128.572557631661,644.5806845901831,0.0,2013-10-14,19,115
116,0.0,0.3199956956130753,0.676885982013533,0.0,0.0,0.0,768.9496565582199,1626.5570147785197,0.0,0.0,2013-10-14,20,116
117,0.0,0.0,0.9957884842077155,0.0,0.0,0.0,0.0,2230.566204625283,0.0,0.0,2013-10-14,21,117
118,0.0,0.0,0.9635293457361935,0.0,0.03411758880549156,0.0,0.0,1984.8704522165588,0.0,70.2822329393126,2013-10-14,22,118
119,0.12468207678103166,0.0,0.5379194349341417,0.0,0.3351077539636257,200.862825694242,0.0,866.5882096789023,0.0,539.858591635401,2013-10-14,23,119
120,0.0,0.0,0.5544370885131622,0.0,0.4441586896902184,0.0,0.0,1756.4566964096978,0.0,1407.0947289386118,2013-10-26,0,120
121,0.0,0.0,0.3936960688779938,0.0,0.6049084869933502,0.0,0.0,1040.1450139756596,0.0,1598.1682226364312,2013-10-26,1,121
122,0.0,0.0,0.0,0.0,0.995088537115268,0.0,0.0,0.0,0.0,2095.6564591647543,2013-10-26,2,122
123,0.0,0.0,0.0,0.0,0.9964036157625912,0.0,0.0,0.0,0.0,1561.3644658999804,2013-10-26,3,123
124,0.0,0.0,0.0,0.06429806807102131,0.9323678713202522,0.0,0.0,0.0,63.847981594524164,925.8412962210105,2013-10-26,4,124
125,0.0,0.5313333721130472,0.0,0.0,0.4598862355437567,0.0,268.32335291708887,0.0,0.0,232.24254894959714,2013-10-26,5,125
126,0.0,0.0,0.0,0.663368424894311,0.3293438780329024,0.0,0.0,0.0,382.76358116401747,190.03141762498467,2013-10-26,6,126
127,0.0,0.0,0.0,0.9218631604148125,0.0725030682125703,0.0,0.0,0.0,781.739960031761,61.48260184425961,2013-10-26,7,127
128,0.0,0.0,0.0,0.9088588306218093,0.08715527268821224,0.0,0.0,0.0,1252.4074685968533,120.09996576435647,2013-10-26,8,128
129,0.15224604678326312,0.0,0.018485614383728092,0.7928841251407057,0.03483969118738579,272.67266978882424,0.0,33.10773536125701,1420.055468127004,62.39788691660796,2013-10-26,9,129
130,0.0,0.0,0.22506539997902414,0.7709161182609867,0.0,0.0,0.0,475.78825555565703,1629.716674003726,0.0,2013-10-26,10,130
131,0.0,0.43464298450095357,0.06698749748655412,0.49638502174198734,0.0,0.0,1040.535304895283,160.36806898281057,1188.3457420503178,0.0,2013-10-26,11,131
132,0.0,0.0,0.23370752610652443,0.7633306461732788,0.0,0.0,0.0,609.9766431380287,1992.2929865122578,0.0,2013-10-26,12,132
133,0.11669215699534098,0.0,0.29341302102259653,0.5872416419030795,0.0,311.4513670205651,0.0,783.1193531093102,1567.347942239319,0.0,2013-10-26,13,133
134,0.0,0.7567707347720496,0.0,0.23917905032252681,0.0,0.0,1818.520075657235,0.0,574.7472579250319,0.0,2013-10-26,14,134
135,0.0,0.0,0.5103184095708595,0.48672278028536614,0.0,0.0,0.0,1240.5840536667595,1183.2230788737252,0.0,2013-10-26,15,135
136,0.0,0.6756399366636257,0.2005160223225739,0.12139567982861175,0.0,0.0,1285.067159534216,381.38147445753555,230.89458303401955,0.0,2013-10-26,16,136
137,0.0,0.0,0.6015511837700074,0.3955724186357944,0.0,0.0,0.0,1410.6375259406673,927.6173217009379,0.0,2013-10-26,17,137
138,0.0,0.0,0.7259195198370894,0.27150866205482455,0.0,0.0,0.0,2018.7821846669456,755.065589174467,0.0,2013-10-26,18,138
139,0.0,0.32489666118624805,0.5430482274486588,0.12948010824494116,0.0,0.0,1013.0277895787215,1693.224373184918,403.71897750772655,0.0,2013-10-26,19,139
140,0.0,0.0,0.917385454695525,0.07975684270824869,0.0,0.0,0.0,2811.786418641784,244.45472290078223,0.0,2013-10-26,20,140
141,0.0,0.0,0.6938496430429305,0.06555205480829666,0.23874486416872837,0.0,0.0,2125.2614566404964,200.78594387781268,731.275518948815,2013-10-26,21,141
142,0.0,0.0,0.9887297477112795,0.0,0.0,0.0,0.0,3154.0478951989817,0.0,0.0,2013-10-26,22,142
143,0.0,0.0,0.5731049112907007,0.0,0.4239994930041861,0.0,0.0,1867.7489058963938,0.0,1381.8143477006424,2013-10-26,23,143
144,0.0,0.24842480288430313,0.03084668445732281,0.0,0.7186317653851697,0.0,318.72902210056094,39.576296158745166,0.0,922.0045549891728,2013-10-16,0,144
145,0.0,0.0,0.0,0.0,0.9863106527682208,0.0,0.0,0.0,0.0,728.8835723957152,2013-10-16,1,145
146,0.0,0.0,0.0,0.0,0.9890560422021193,0.0,0.0,0.0,0.0,491.56085297445327,2013-10-16,2,146
147,0.0,0.0,0.0,0.04283316009423798,0.9451900374715073,0.0,0.0,0.0,12.978447508554108,286.3925813538667,2013-10-16,3,147
148,0.0,0.0,0.0,0.25976060537194484,0.7287435007190618,0.0,0.0,0.0,73.51225132026039,206.2344107034945,2013-10-16,4,148
149,0.0,0.0,0.0,0.9017132433538472,0.08844633076470892,0.0,0.0,0.0,398.55725356240043,39.09327819800134,2013-10-16,5,149
150,0.0,0.1391442721387028,0.0,0.8554065888820573,0.0,0.0,171.00831045846576,0.0,1051.2946977360484,0.0,2013-10-16,6,150
151,0.0,0.0,0.0,0.991756627546631,0.0,0.0,0.0,0.0,2174.9222842097615,0.0,2013-10-16,7,151
152,0.0,0.14587381824810092,0.0,0.8511954575603208,0.0,0.0,366.5809052574776,0.0,2139.054184849086,0.0,2013-10-16,8,152
153,0.0,0.11270259669930062,0.0,0.8800839944413856,0.0,0.0,267.5559645641397,0.0,2089.3194028038497,0.0,2013-10-16,9,153
154,0.0,0.0,0.0,0.9947089699650125,0.0,0.0,0.0,0.0,2336.5713704478144,0.0,2013-10-16,10,154
155,0.0,0.0,0.051844099715449975,0.9443744187636861,0.0,0.0,0.0,118.46376784980319,2157.895546875023,0.0,2013-10-16,11,155
156,0.11078235478228703,0.0,0.019700474051819038,0.8668293769067361,0.0,250.3681218079687,0.0,44.52307135711103,1959.0343918092235,0.0,2013-10-16,12,156
157,0.0,0.383069488056999,0.010166988573209822,0.6046194468076147,0.0,0.0,859.9910006879627,22.82488934685605,1357.370658083095,0.0,2013-10-16,13,157
158,0.0,0.0,0.06933867674196809,0.9271071927188579,0.0,0.0,0.0,163.43126108081879,2185.191653238348,0.0,2013-10-16,14,158
159,0.0,0.0,0.0320722997195729,0.9646069130092473,0.0,0.0,0.0,68.15363690409241,2049.7896901446506,0.0,2013-10-16,15,159
160,0.0,0.50624313882839,0.0,0.4895402964349117,0.0,0.0,905.6689753639897,0.0,875.787590322057,0.0,2013-10-16,16,160
161,0.0,0.0,0.24453297230236182,0.7524750709200716,0.0,0.0,0.0,574.407951938248,1767.5639415912483,0.0,2013-10-16,17,161
162,0.0,0.0,0.3898704171624255,0.6076491651045767,0.0,0.0,0.0,1081.5005372085684,1685.6187840000957,0.0,2013-10-16,18,162
163,0.0,0.0,0.8192571553642516,0.17869693451781282,0.0,0.0,0.0,2615.888097078055,570.5793119153764,0.0,2013-10-16,19,163
164,0.0,0.0,0.9297600271867261,0.0682663819270697,0.0,0.0,0.0,2859.012083599183,209.91912442573934,0.0,2013-10-16,20,164
165,0.0,0.0,0.997303692098747,0.0,0.0,0.0,0.0,2922.0998178493287,0.0,0.0,2013-10-16,21,165
166,0.0,0.0,0.8421416083130042,0.0,0.15604829501666886,0.0,0.0,2338.6272462852125,0.0,433.3461152612894,2013-10-16,22,166
167,0.0,0.0,0.732281248891805,0.0,0.2658648066335076,0.0,0.0,1688.6405599445025,0.0,613.0842440968685,2013-10-16,23,167
168,0.0,0.0,0.7152909535496571,0.0,0.2811057058459137,0.0,0.0,773.2295207871794,0.0,303.8752680194327,2013-10-08,0,168
169,0.0,0.0,0.16430848504823486,0.0,0.8221451761164282,0.0,0.0,98.58509102894092,0.0,493.28710566985694,2013-10-08,1,169
170,0.2113485754582505,0.0,0.0,0.0,0.777833329704449,75.02874428767893,0.0,0.0,0.0,276.1308320450794,2013-10-08,2,170
171,0.0,0.0,0.0,0.12324865187387313,0.859057234019869,0.0,0.0,0.0,27.730946671621453,193.28787765447052,2013-10-08,3,171
172,0.0,0.0,0.0,0.37213896709078625,0.6149648410505744,0.0,0.0,0.0,95.63971454233207,158.04596414999762,2013-10-08,4,172
173,0.0,0.0,0.0,0.8755138435645196,0.11385563790199717,0.0,0.0,0.0,365.96478660996917,47.59165664303482,2013-10-08,5,173
174,0.0,0.0,0.0,0.9918793227600661,0.0,0.0,0.0,0.0,1179.3445147617185,0.0,2013-10-08,6,174
175,0.0,0.0,0.0,0.9961927249532242,0.0,0.0,0.0,0.0,2282.2775328678367,0.0,2013-10-08,7,175
176,0.0,0.0,0.0,0.996005489869231,0.0,0.0,0.0,0.0,2543.798021126016,0.0,2013-10-08,8,176
177,0.0,0.0,0.0,0.9956878914483448,0.0,0.0,0.0,0.0,2359.780302732577,0.0,2013-10-08,9,177
178,0.0,0.1691316998186893,0.026136237273996468,0.802224525734967,0.0,0.0,360.7579157132643,55.748594105434464,1711.1449133926847,0.0,2013-10-08,10,178
179,0.0,0.25386733047977034,0.0,0.7419748805186668,0.0,0.0,543.7838218876681,0.0,1589.3101940709842,0.0,2013-10-08,11,179
180,0.0,0.0,0.06866082119764866,0.9277865207385255,0.0,0.0,0.0,154.55550851590712,2088.447458182421,0.0,2013-10-08,12,180
181,0.0,0.0,0.059378416674864855,0.9368580812316127,0.0,0.0,0.0,128.31675843438296,2024.5503135415152,0.0,2013-10-08,13,181
182,0.0,0.3824581689952215,0.013760474867158076,0.6009395208795748,0.0,0.0,890.3626174208756,32.034385490744,1398.9872046076503,0.0,2013-10-08,14,182
183,0.0,0.0,0.09221131738673623,0.9040303449316057,0.0,0.0,0.0,194.28924573385322,1904.7919367708932,0.0,2013-10-08,15,183
184,0.0,0.0,0.0836941170862071,0.9124104031330903,0.0,0.0,0.0,147.3853401888107,1606.754719917372,0.0,2013-10-08,16,184
185,0.07727383448436681,0.0,0.3136646158949027,0.6067064578285978,0.0,173.24793691395038,0.0,703.2360688363718,1360.2358784517162,0.0,2013-10-08,17,185
186,0.0,0.22994738611983218,0.33479731884164093,0.4337693511744828,0.0,0.0,673.5158939449884,980.6213468871663,1270.51042959006,0.0,2013-10-08,18,186
187,0.0,0.17611069733254225,0.68173484863692,0.1408316985567102,0.0,0.0,556.5098035708335,2154.2821216926673,445.02816743920425,0.0,2013-10-08,19,187
188,0.0,0.0,0.971610298554983,0.02645345861999275,0.0,0.0,0.0,2988.673278355128,81.3708387150977,0.0,2013-10-08,20,188
189,0.0,0.0,0.997223451597795,0.0,0.0,0.0,0.0,3067.4593371148176,0.0,0.0,2013-10-08,21,189
190,0.0,0.13122203853863734,0.690764147156194,0.0,0.17667236742188042,0.0,361.2542720968686,1901.6736971210023,0.0,486.3790275124368,2013-10-08,22,190
191,0.0,0.055767214793415384,0.5563363838062868,0.0,0.38645726435404354,0.0,117.33421992534596,1170.5317515284275,0.0,813.1060842009076,2013-10-08,23,191
192,0.0,0.0,0.14751905436503213,0.0,0.8501443924231686,0.0,0.0,309.6424951122024,0.0,1784.453079696231,2013-10-25,0,192
193,0.0,0.0,0.2860337505581445,0.0,0.7108819977219207,0.0,0.0,372.41594322670414,0.0,925.5683610339408,2013-10-25,1,193
194,0.0,0.0,0.0,0.0,0.992756285523637,0.0,0.0,0.0,0.0,869.6545061187061,2013-10-25,2,194
195,0.0,0.0,0.0,0.051191700527519535,0.9420398770501222,0.0,0.0,0.0,29.53761120437877,543.5570090579205,2013-10-25,3,195
196,0.0,0.0,0.0,0.25980112843816755,0.7322068449601682,0.0,0.0,0.0,124.18493939344408,349.9948718909604,2013-10-25,4,196
197,0.0,0.26977668040280234,0.0,0.5545967037186872,0.17093532711889833,0.0,144.60030069590206,0.0,297.2638331932163,91.62133533572951,2013-10-25,5,197
198,0.0,0.0,0.0,0.9556267925935353,0.039075373540065586,0.0,0.0,0.0,1125.7283616751847,46.03079003019726,2013-10-25,6,198
199,0.0,0.0,0.0,0.9955699980544449,0.0,0.0,0.0,0.0,2200.209695700323,0.0,2013-10-25,7,199
200,0.0,0.0,0.0,0.9966027074323315,0.0,0.0,0.0,0.0,2589.173833909197,0.0,2013-10-25,8,200
201,0.06418106614487121,0.0,0.0,0.9322957374302893,0.0,164.4960725293049,0.0,0.0,2389.4739750338313,0.0,2013-10-25,9,201
202,0.0,0.0,0.0,0.9950692181573705,0.0,0.0,0.0,0.0,2308.5605861250997,0.0,2013-10-25,10,202
203,0.0,0.0,0.01492016028706319,0.9818389086412601,0.0,0.0,0.0,35.40554036120095,2329.9037302057104,0.0,2013-10-25,11,203
204,0.0,0.0,0.13367409194055493,0.8630102085239784,0.0,0.0,0.0,324.02599886390516,2091.9367454621233,0.0,2013-10-25,12,204
205,0.0,0.0,0.11102648258871115,0.885850261861901,0.0,0.0,0.0,254.36167161073723,2029.482949925615,0.0,2013-10-25,13,205
206,0.13834615826422297,0.0,0.03862958462137353,0.820742045918949,0.0,329.9555874601718,0.0,92.13155932197587,1957.4697795166933,0.0,2013-10-25,14,206
207,0.08156216811216427,0.0,0.16245633967491777,0.7532340786944466,0.0,186.28799196818318,0.0,371.0502798175122,1720.386635738116,0.0,2013-10-25,15,207
208,0.0,0.11692109960160077,0.13661792875124687,0.7442666082050704,0.0,0.0,209.8733737848734,245.22918210848812,1335.9585617281014,0.0,2013-10-25,16,208
209,0.0,0.0,0.29399644176889106,0.7031629269827497,0.0,0.0,0.0,703.5334851529564,1682.6688842697201,0.0,2013-10-25,17,209
210,0.11042069852259083,0.0,0.356562632322171,0.5312340565737306,0.0,324.9681157519848,0.0,1049.3638269241492,1563.421828496489,0.0,2013-10-25,18,210
211,0.0,0.0,0.7405342201694837,0.2574832945797555,0.0,0.0,0.0,2429.692776376076,844.8026895161778,0.0,2013-10-25,19,211
212,0.0,0.3412195320972356,0.6224890443357671,0.010740815583364116,0.024920491129259117,0.0,1082.6895753445285,1975.1577376773892,34.08060784601434,79.07271835313918,2013-10-25,20,212
213,0.0,0.0,0.9968393937960089,0.0,0.0,0.0,0.0,3153.0030025767765,0.0,0.0,2013-10-25,21,213
214,0.16396734406451552,0.0,0.6841589761867657,0.012828304254915988,0.13838905053439676,545.0274516704496,0.0,2274.144436844809,42.641283343340746,460.0052039763348,2013-10-25,22,214
215,0.1908638366292575,0.0,0.5304544703332463,0.0,0.27742492080849085,637.8669420149786,0.0,1772.7788398537093,0.0,927.1540853419764,2013-10-25,23,215
216,0.0,0.0,0.16489178728610468,0.0,0.8314453729641992,0.0,0.0,240.74200943771282,0.0,1213.9102445277308,2013-10-24,0,216
217,0.0,0.0,0.08241494291366311,0.0,0.912727058586785,0.0,0.0,71.7010003348869,0.0,794.072540970503,2013-10-24,1,217
218,0.0,0.0,0.0,0.0,0.9898545251154477,0.0,0.0,0.0,0.0,567.1866428911516,2013-10-24,2,218
219,0.0,0.0,0.0,0.0628599823858488,0.9269509499560546,0.0,0.0,0.0,21.74955390550369,320.7250286847949,2013-10-24,3,219
220,0.0,0.0,0.0,0.2718383164260185,0.7168895258772447,0.0,0.0,0.0,79.10495007997139,208.61485203027823,2013-10-24,4,220
221,0.0,0.0,0.18915494595626808,0.6635568849152407,0.14173931883514504,0.0,0.0,89.84859932922734,315.1895203347393,67.32617644669389,2013-10-24,5,221
222,0.09749866261779364,0.0,0.0,0.8974730591654622,0.0,118.55837374323706,0.0,0.0,1091.3272399452019,0.0,2013-10-24,6,222
223,0.0,0.0,0.0,0.9963284094607665,0.0,0.0,0.0,0.0,2373.254271335546,0.0,2013-10-24,7,223
224,0.0,0.0,0.0,0.9967605544884892,0.0,0.0,0.0,0.0,2743.085045952322,0.0,2013-10-24,8,224
225,0.0,0.0,0.0,0.9951818222439063,0.0,0.0,0.0,0.0,2461.08464640918,0.0,2013-10-24,9,225
226,0.0,0.0,0.030222218247038194,0.9667188812523365,0.0,0.0,0.0,73.3493236855617,2346.226724799421,0.0,2013-10-24,10,226
227,0.0,0.17223866802022494,0.0,0.8229430991778021,0.0,0.0,397.87132312671963,0.0,1900.9985591007228,0.0,2013-10-24,11,227
228,0.0,0.09469132095272277,0.07313620933124795,0.8299331783019923,0.0,0.0,224.9865785836693,173.77163337104514,1971.9212316455337,0.0,2013-10-24,12,228
229,0.0,0.0,0.0,0.9935444154755605,0.0,0.0,0.0,0.0,2323.900387797336,0.0,2013-10-24,13,229
230,0.0,0.2842229833139883,0.01869654327903844,0.6950890700617317,0.0,0.0,693.7883022694455,45.63826214413284,1696.7124200206872,0.0,2013-10-24,14,230
231,0.0,0.0,0.06964487335067575,0.9271981571352507,0.0,0.0,0.0,159.6260497197488,2125.1381761539947,0.0,2013-10-24,15,231
232,0.0,0.4061630181308923,0.0,0.5897074570357199,0.0,0.0,719.3147051098102,0.0,1044.37190641026,0.0,2013-10-24,16,232
233,0.0,0.0,0.24848048862137348,0.7487562766045787,0.0,0.0,0.0,607.5347946792582,1830.709096298195,0.0,2013-10-24,17,233
234,0.0,0.0,0.5134841742289782,0.48447050475430126,0.0,0.0,0.0,1560.4784054818647,1472.3058639483215,0.0,2013-10-24,18,234
235,0.0,0.0,0.7510627622654545,0.24693885023914086,0.0,0.0,0.0,2544.60063855536,836.6288246102092,0.0,2013-10-24,19,235
236,0.0,0.0,0.9089996729227138,0.08909644185740755,0.0,0.0,0.0,3023.332912140946,296.3347656177375,0.0,2013-10-24,20,236
237,0.0,0.0,0.996386047799879,0.0,0.0,0.0,0.0,3157.5473854778165,0.0,0.0,2013-10-24,21,237
238,0.0,0.0,0.9634042748035864,0.0,0.034990307358977533,0.0,0.0,3064.588998150208,0.0,111.30416770890753,2013-10-24,22,238
239,0.0,0.0,0.7298906139558285,0.0,0.26841081900236624,0.0,0.0,2145.878405030136,0.0,789.1278078669568,2013-10-24,23,239
240,0.0,0.0,0.3244288059786118,0.0,0.6726797928636898,0.0,0.0,489.2386394157466,0.0,1014.4011276384442,2013-10-10,0,240
241,0.0,0.0,0.01240911470363431,0.0,0.9819761021320089,0.0,0.0,10.436065465756455,0.0,825.8419018930196,2013-10-10,1,241
242,0.1696948760282886,0.0,0.0,0.0,0.8197096486044992,89.93828429499295,0.0,0.0,0.0,434.4461137603846,2013-10-10,2,242
243,0.16359600025627363,0.0,0.0,0.050728118649809605,0.7790147559048923,57.91298409072087,0.0,0.0,17.9577540020326,275.7712235903319,2013-10-10,3,243
244,0.13723371400915635,0.0,0.0,0.3873578043265278,0.468086922762509,44.73819076698497,0.0,0.0,126.27864421044805,152.59633682057793,2013-10-10,4,244
245,0.0,0.0,0.0,0.8394862852252225,0.15282045904353495,0.0,0.0,0.0,387.8426637740528,70.60305207811315,2013-10-10,5,245
246,0.08874139586783465,0.0,0.0,0.8990009610737325,0.0,112.4353485645465,0.0,0.0,1139.034217680419,0.0,2013-10-10,6,246
247,0.08239424152648221,0.0,0.0,0.9142689158514784,0.0,198.48772783729564,0.0,0.0,2202.4738182862116,0.0,2013-10-10,7,247
248,0.0,0.0,0.0,0.995857493116077,0.0,0.0,0.0,0.0,2701.761378823917,0.0,2013-10-10,8,248
249,0.0,0.0,0.0,0.9960004528562917,0.0,0.0,0.0,0.0,2594.58117969064,0.0,2013-10-10,9,249
250,0.0,0.05350469837681215,0.07235752880255333,0.8716835067853239,0.0,0.0,125.95005997901579,170.32962280121055,2051.9429749726523,0.0,2013-10-10,10,250
251,0.0,0.17818990222106856,0.043128732449433015,0.7765286438292279,0.0,0.0,413.0441933484369,99.97240181778572,1799.9933963961503,0.0,2013-10-10,11,251
252,0.0,0.0,0.11652189465298722,0.8798292874942681,0.0,0.0,0.0,278.4873282206395,2102.791997111301,0.0,2013-10-10,12,252
253,0.0,0.0,0.028580734549788,0.9678646372609618,0.0,0.0,0.0,64.67820228617025,2190.2776741215566,0.0,2013-10-10,13,253
254,0.0,0.32910604545968714,0.0,0.6660462271038352,0.0,0.0,791.5000393305476,0.0,1601.8411761847237,0.0,2013-10-10,14,254
255,0.0,0.0,0.07001023303464902,0.9270597865267383,0.0,0.0,0.0,158.2231266583068,2095.1551175504283,0.0,2013-10-10,15,255
256,0.0,0.0,0.12123293385978876,0.8736944754607385,0.0,0.0,0.0,216.5220198735827,1560.418333172879,0.0,2013-10-10,16,256
257,0.0,0.0,0.2257163189072091,0.7714834602191644,0.0,0.0,0.0,537.6562716369721,1837.6736022420496,0.0,2013-10-10,17,257
258,0.0,0.3963660139009755,0.28513426550909243,0.31707066802756906,0.0,0.0,1186.7198456195206,853.6919909342228,949.3095800745417,0.0,2013-10-10,18,258
259,0.0,0.26904420126470385,0.5803483404312937,0.14932364615348187,0.0,0.0,896.4552786139932,1933.7206703170705,497.5463889834016,0.0,2013-10-10,19,259
260,0.0,0.0,0.8754211525193087,0.12262280572453359,0.0,0.0,0.0,2966.802285887937,415.5686886004443,0.0,2013-10-10,20,260
261,0.0,0.21267326706076942,0.6963826049369877,0.0,0.08959057367105049,0.0,676.3009892532467,2214.496683699621,0.0,284.89802427394056,2013-10-10,21,261
262,0.0,0.0,0.9952335791102657,0.0,0.0,0.0,0.0,3215.5996941052686,0.0,0.0,2013-10-10,22,262
263,0.0,0.0,0.7798915234449524,0.0,0.21847793137162455,0.0,0.0,2321.7370652956233,0.0,650.4088016933263,2013-10-10,23,263
264,0.0,0.0,0.2185970883228779,0.0,0.7771573213525087,0.0,0.0,255.75859333776717,0.0,909.2740659824352,2013-10-23,0,264
265,0.0,0.0,0.0,0.0,0.9859402605658055,0.0,0.0,0.0,0.0,690.1581823960639,2013-10-23,1,265
266,0.0,0.0,0.0,0.0,0.9863430462068133,0.0,0.0,0.0,0.0,404.4006489447935,2013-10-23,2,266
267,0.0,0.0,0.20021821558223704,0.040767546473250385,0.751829684030477,0.0,0.0,61.66721039932901,12.556404313761119,231.5635426813869,2013-10-23,3,267
268,0.14132361393709278,0.0,0.0,0.26949436236370594,0.5804187852727565,38.863993832700515,0.0,0.0,74.11094965001914,159.61516595000802,2013-10-23,4,268
269,0.26784978378177116,0.0,0.0,0.7062863246841566,0.02063035935877464,126.15724816121421,0.0,0.0,332.6608589262378,9.716899257982854,2013-10-23,5,269
270,0.0,0.1487603148373053,0.0,0.826808123557917,0.0210828266055531,0.0,171.66940332225033,0.0,954.1365745858362,24.329581902808275,2013-10-23,6,270
271,0.0,0.0,0.0,0.9966766013225357,0.0,0.0,0.0,0.0,2377.0736941542477,0.0,2013-10-23,7,271
272,0.0,0.0,0.0,0.9961919134358697,0.0,0.0,0.0,0.0,2754.4706406501796,0.0,2013-10-23,8,272
273,0.0,0.0,0.0,0.9953836239322668,0.0,0.0,0.0,0.0,2587.9974222238934,0.0,2013-10-23,9,273
274,0.0,0.0,0.0,0.9877299998972846,0.0,0.0,0.0,0.0,2337.956909756873,0.0,2013-10-23,10,274
275,0.11162612600851919,0.0,0.06942758596361087,0.8157131569623952,0.0,252.60992315727893,0.0,157.1146270356514,1845.9588742059004,0.0,2013-10-23,11,275
276,0.06424186937215194,0.0,0.09699874855364092,0.8358799599387042,0.0,154.18048649316466,0.0,232.79699652873822,2006.1119038528902,0.0,2013-10-23,12,276
277,0.0,0.0,0.08441089799612211,0.9124437916996161,0.0,0.0,0.0,195.15799616703433,2109.5700464095125,0.0,2013-10-23,13,277
278,0.09810277289643386,0.0,0.04717215528991315,0.8522261370567791,0.0,231.62064680848036,0.0,111.37345863948495,2012.1059095910555,0.0,2013-10-23,14,278
279,0.05017643341586198,0.04629965753275384,0.08259070092658248,0.8199090393790481,0.0,114.9542089557398,106.07251540753906,189.21529582280047,1878.4116092173992,0.0,2013-10-23,15,279
280,0.0,0.0,0.03758177016517394,0.9583848596115919,0.0,0.0,0.0,67.30895036582652,1716.4672835643612,0.0,2013-10-23,16,280
281,0.0,0.0,0.25682948918825704,0.7401567626485773,0.0,0.0,0.0,625.1229766842176,1801.5415602866372,0.0,2013-10-23,17,281
282,0.0,0.0,0.5792890670061756,0.4183129560002358,0.0,0.0,0.0,1773.7831231729094,1280.8742712727221,0.0,2013-10-23,18,282
283,0.0,0.04406011467461188,0.7098391557637481,0.22550664541039367,0.01997194643042598,0.0,149.8925101230296,2414.872807908271,767.1736076861592,67.94456175630918,2013-10-23,19,283
284,0.0,0.2768155140016852,0.7208298887159611,0.0,0.0,0.0,894.6677412534466,2329.722200329986,0.0,0.0,2013-10-23,20,284
285,0.0,0.0,0.9974035459159645,0.0,0.0,0.0,0.0,3155.7848192781116,0.0,0.0,2013-10-23,21,285
286,0.0,0.0,0.9964900331897288,0.0,0.0,0.0,0.0,2979.505199237289,0.0,0.0,2013-10-23,22,286
287,0.0,0.0,0.537879386998448,0.0,0.45988483166557165,0.0,0.0,1292.5241669572704,0.0,1105.1032504923687,2013-10-23,23,287
288,0.0,0.0,0.32987352599506103,0.0,0.6684977114223797,0.0,0.0,999.5167837650349,0.0,2025.5480656098105,2013-10-05,0,288
289,0.0,0.0,0.025063507126709985,0.0,0.9727197591840041,0.0,0.0,66.31803985727463,0.0,2573.816482800875,2013-10-05,1,289
290,0.0,0.0,0.0,0.0,0.9968038364692389,0.0,0.0,0.0,0.0,2167.0515404841253,2013-10-05,2,290
291,0.0,0.0,0.0,0.0,0.9970161613309588,0.0,0.0,0.0,0.0,1697.9185227466228,2013-10-05,3,291
292,0.0,0.0,0.0,0.07852753891265811,0.9176979504203037,0.0,0.0,0.0,74.0514691946366,865.3891672463463,2013-10-05,4,292
293,0.0,0.0,0.0,0.32770485659386295,0.6651676542584296,0.0,0.0,0.0,169.09570600243327,343.22650959734966,2013-10-05,5,293
294,0.0,0.0,0.0,0.7817888248069346,0.21125829620046874,0.0,0.0,0.0,443.2742636655319,119.78345394566577,2013-10-05,6,294
295,0.0,0.0,0.0,0.8688151683817779,0.12553657096201085,0.0,0.0,0.0,755.8691964921468,109.21681673694944,2013-10-05,7,295
296,0.23383010847254326,0.0,0.0,0.7518354512926624,0.0,316.372136763351,0.0,0.0,1017.2333655989722,0.0,2013-10-05,8,296
297,0.0,0.38050304814943803,0.0,0.6006526812893779,0.015010793567917994,0.0,675.0124074171031,0.0,1065.5578566073564,26.62914778948652,2013-10-05,9,297
298,0.0,0.0,0.10390824139494446,0.8921990528814873,0.0,0.0,0.0,216.02523386008954,1854.881830940612,0.0,2013-10-05,10,298
299,0.0,0.5737158306815128,0.0,0.4227173342287242,0.0,0.0,1342.4950437947398,0.0,989.1585620952146,0.0,2013-10-05,11,299
300,0.0,0.37560696885038386,0.19767590043401703,0.42478810210099244,0.0,0.0,913.1005412752831,480.5501139550954,1032.6598762075125,0.0,2013-10-05,12,300
301,0.08204584508100397,0.0,0.314427147132031,0.6012975529272786,0.0,198.3048075607866,0.0,759.970414618119,1453.3361854252323,0.0,2013-10-05,13,301
302,0.0,0.0,0.43519529326868844,0.5618566090996784,0.0,0.0,0.0,1055.7837814698382,1363.0641336758197,0.0,2013-10-05,14,302
303,0.0,0.5273702757978029,0.2592962424275834,0.21124424411939394,0.0,0.0,1364.834273764714,671.0586754025859,546.7001037809915,0.0,2013-10-05,15,303
304,0.0,0.0,0.5994992676112467,0.3975075439167759,0.0,0.0,0.0,1297.3164151107378,860.2063250359031,0.0,2013-10-05,16,304
305,0.2315846027690685,0.0,0.43478768883952457,0.33140235162097714,0.0,609.5306744881883,0.0,1144.3611970256286,872.2509894664119,0.0,2013-10-05,17,305
306,0.30247383025482427,0.0,0.4400448918021337,0.2555410687457231,0.0,952.1876176421868,0.0,1385.2613193931168,804.4432844115363,0.0,2013-10-05,18,306
307,0.15841557361893058,0.0,0.550836349800305,0.2478588367903743,0.0420780028593155,496.1575765744906,0.0,1725.2194475745555,776.2938768274523,131.78830495537613,2013-10-05,19,307
308,0.24173829749491188,0.0,0.6651743070869061,0.08458278055042194,0.0,753.7400115891353,0.0,2074.0134894969733,263.7291097562156,0.0,2013-10-05,20,308
309,0.0,0.0,0.6446333676749035,0.0720792783496071,0.28186309067816767,0.0,0.0,1855.8994655360473,207.51624236851885,811.4838380624448,2013-10-05,21,309
310,0.16220877427942737,0.0,0.7441313848813846,0.0,0.09208527741353292,517.4459899513733,0.0,2373.779117771617,0.0,293.75203494917,2013-10-05,22,310
311,0.0,0.0,0.741189613157095,0.0,0.25709904912769294,0.0,0.0,2491.1382898209963,0.0,864.1099041181759,2013-10-05,23,311
312,0.0,0.0,0.2166589892402161,0.0,0.7811628136272082,0.0,0.0,434.4012734266333,0.0,1566.2314413225524,2013-10-04,0,312
313,0.1665813471230189,0.0,0.0,0.0,0.8272980351077516,212.55779892897212,0.0,0.0,0.0,1055.6322927974911,2013-10-04,1,313
314,0.0,0.0,0.0,0.0,0.9910341043838727,0.0,0.0,0.0,0.0,854.2713979788983,2013-10-04,2,314
315,0.0,0.0,0.0,0.021441596433333245,0.9722761640770657,0.0,0.0,0.0,12.479009124199948,565.8647274928522,2013-10-04,3,315
316,0.1289300888360701,0.0,0.0,0.24600079936411537,0.619627035830997,54.53742757765765,0.0,0.0,104.0583381310208,262.1022361565117,2013-10-04,4,316
317,0.0,0.0,0.23746065031969682,0.5462721182634122,0.2107860379797782,0.0,0.0,115.40587605537266,265.4882494760183,102.44201445817221,2013-10-04,5,317
318,0.0,0.0,0.0,0.967123858376449,0.02848110896059376,0.0,0.0,0.0,1131.5349143004453,33.3228974838947,2013-10-04,6,318
319,0.0,0.0,0.0,0.996228082704216,0.0,0.0,0.0,0.0,2196.6829223627965,0.0,2013-10-04,7,319
320,0.0,0.11967564009688575,0.0,0.8776016286478396,0.0,0.0,316.78141933645657,0.0,2323.0115110308316,0.0,2013-10-04,8,320
321,0.0,0.17155460343993123,0.0,0.8215409166206096,0.0,0.0,435.23402892710556,0.0,2084.2493054664865,0.0,2013-10-04,9,321
322,0.0,0.18711640620202064,0.024461070816618517,0.7858235213289277,0.0,0.0,452.63458660268793,59.17133030540019,1900.9070980946763,0.0,2013-10-04,10,322
323,0.0,0.0,0.0453704605184995,0.9513554979727193,0.0,0.0,0.0,102.26501800869788,2144.3552924305095,0.0,2013-10-04,11,323
324,0.1528947503615509,0.0,0.05533501409379932,0.7893710662170078,0.0,366.94740086772214,0.0,132.80403382511835,1894.4905589208188,0.0,2013-10-04,12,324
325,0.0,0.3045523685914212,0.04298854233040673,0.6501757633159215,0.0,0.0,696.8158193371718,98.35778485197059,1487.6021464668283,0.0,2013-10-04,13,325
326,0.0,0.0,0.07743820022229427,0.9001214651010511,0.020631755788917745,0.0,0.0,193.28574775484648,2246.7031768922234,51.49686244913869,2013-10-04,14,326
327,0.0,0.0,0.16710252430937175,0.8298746329435377,0.0,0.0,0.0,370.4662963938772,1839.8320612358232,0.0,2013-10-04,15,327
328,0.0,0.46515498245517134,0.0,0.525711982682968,0.0,0.0,795.8801749807982,0.0,899.4932023705583,0.0,2013-10-04,16,328
329,0.0,0.0,0.4429087114391019,0.5544657059304028,0.0,0.0,0.0,1024.0049408472034,1281.9247121110911,0.0,2013-10-04,17,329
330,0.0,0.05604639402008046,0.4092948874314143,0.4599310175994621,0.07388859855213246,0.0,163.7675633266751,1195.9596610745925,1343.9184334256283,215.90248496933106,2013-10-04,18,330
331,0.0,0.0,0.7304428419338997,0.26749815840059393,0.0,0.0,0.0,2452.0966203721014,897.9913177507939,0.0,2013-10-04,19,331
332,0.0,0.2470834261086805,0.6941640960155894,0.02134305617880553,0.03681382194509679,0.0,790.9140469738863,2222.0192713459014,68.3191228283565,117.84104404625482,2013-10-04,20,332
333,0.0,0.18478399259161385,0.71596293745193,0.0,0.09746375226978536,0.0,577.2651928562017,2236.668216599829,0.0,304.4767620908095,2013-10-04,21,333
334,0.0,0.0,0.7822684984248277,0.023748985859159293,0.1928724281662894,0.0,0.0,2505.606000454723,76.06800170688722,617.770387416625,2013-10-04,22,334
335,0.0,0.0,0.5755721576195376,0.0,0.42201589430110303,0.0,0.0,1858.522496953487,0.0,1362.6893226982618,2013-10-04,23,335
336,0.0,0.0,0.21822416781278003,0.0,0.7774673855453859,0.0,0.0,231.31761788154682,0.0,824.115428678109,2013-10-01,0,336
337,0.0,0.0,0.33144979062793245,0.0,0.6627252898257626,0.0,0.0,200.1956735392712,0.0,400.2860750547606,2013-10-01,1,337
338,0.0,0.0,0.01774160030702424,0.014234986322617849,0.9599969894039214,0.0,0.0,6.8482577185113565,5.49470472053049,370.5588379099137,2013-10-01,2,338
339,0.0,0.0,0.03942733357627185,0.028428148553689612,0.9184700155399483,0.0,0.0,11.039653401356118,7.9598815950330915,257.1716043511855,2013-10-01,3,339
340,0.0,0.0,0.0,0.2823511925379006,0.7064298910127913,0.0,0.0,0.0,76.23482198523315,190.73607057345365,2013-10-01,4,340
341,0.0,0.0,0.0,0.6862354703972788,0.3040385283075793,0.0,0.0,0.0,304.6885488563918,134.99310656856522,2013-10-01,5,341
342,0.0,0.13235980114595075,0.0,0.862319105395514,0.0,0.0,156.31692515336783,0.0,1018.3988634721021,0.0,2013-10-01,6,342
343,0.0,0.0,0.0,0.9963737416202305,0.0,0.0,0.0,0.0,2278.706747085467,0.0,2013-10-01,7,343
344,0.07129025039774825,0.0,0.0,0.9250512042688371,0.0,179.65143100232558,0.0,0.0,2331.1290347574695,0.0,2013-10-01,8,344
345,0.04784768210102535,0.0,0.0,0.9409749198993601,0.0,112.92052975841983,0.0,0.0,2220.70081096249,0.0,2013-10-01,9,345
346,0.0,0.19987587032056445,0.0,0.7954112961072338,0.0,0.0,419.73932767318536,0.0,1670.363721825191,0.0,2013-10-01,10,346
347,0.0,0.0,0.04314738649091996,0.9177397183852025,0.036552982994061775,0.0,0.0,89.57397435514984,1905.2276553676804,75.88399269567225,2013-10-01,11,347
348,0.0,0.3752588729116607,0.0,0.6166778752558126,0.0,0.0,842.4561696866783,0.0,1384.4418299492993,0.0,2013-10-01,12,348
349,0.0,0.5501333111723093,0.0,0.44528863909920996,0.0,0.0,1151.4290202836435,0.0,931.9891216346465,0.0,2013-10-01,13,349
350,0.0,0.0,0.26316387515402156,0.733851255959319,0.0,0.0,0.0,598.960979850553,1670.24545856341,0.0,2013-10-01,14,350
351,0.0,0.0,0.11927356778492869,0.877458870150247,0.0,0.0,0.0,262.640396262413,1932.164432070844,0.0,2013-10-01,15,351
352,0.0,0.38166802495949537,0.012607787635794336,0.6033909865272109,0.0,0.0,681.6590925776587,22.517508717528685,1077.6563019375988,0.0,2013-10-01,16,352
353,0.0,0.0,0.4177031454797201,0.5792031457247898,0.0,0.0,0.0,939.8320773293702,1303.207077880777,0.0,2013-10-01,17,353
354,0.0,0.4063167343679371,0.31316737206439205,0.27896475450865116,0.0,0.0,1142.1563403082712,880.313482873006,784.1699249238184,0.0,2013-10-01,18,354
355,0.09498183357327047,0.0,0.6549328243641945,0.24826410332704463,0.0,294.72862957785827,0.0,2032.2565540020955,770.3635126238195,0.0,2013-10-01,19,355
356,0.0,0.2689149486250183,0.7286734495378744,0.0,0.0,0.0,811.0474850530552,2197.679123806229,0.0,0.0,2013-10-01,20,356
357,0.1875467172106428,0.0,0.8034730249510306,0.0,0.0,545.9484938001813,0.0,2338.90997563245,0.0,0.0,2013-10-01,21,357
358,0.011929987394599408,0.14628717451378992,0.584665267977738,0.0,0.2563547012737612,31.184987049482853,382.39467417904683,1528.315010493807,0.0,670.1111891296117,2013-10-01,22,358
359,0.0,0.0,0.47979346899368985,0.0,0.5180343238296635,0.0,0.0,1003.7279371347992,0.0,1083.7278054516562,2013-10-01,23,359
360,0.0,0.0,0.6228477475176126,0.0,0.3757223732893098,0.0,0.0,1980.0329893584906,0.0,1194.421424686716,2013-10-27,0,360
361,0.0,0.0,0.094641857616824,0.0,0.903590797755465,0.0,0.0,277.77385210537847,0.0,2652.0389914122898,2013-10-27,1,361
362,0.0,0.0,0.026301700703297938,0.0,0.969676945629477,0.0,0.0,68.96305924404719,0.0,2542.492951440489,2013-10-27,2,362
363,0.0,0.0,0.0,0.0,0.997617358861513,0.0,0.0,0.0,0.0,1985.2585441344108,2013-10-27,3,363
364,0.0,0.0,0.0,0.03088620063736617,0.9666653515196194,0.0,0.0,0.0,42.49941207701585,1330.1315236909963,2013-10-27,4,364
365,0.0,0.0,0.0,0.1995421112906223,0.7948756884185424,0.0,0.0,0.0,116.13350877114217,462.6176506595917,2013-10-27,5,365
366,0.0,0.0,0.0,0.718971448706463,0.2745858404774015,0.0,0.0,0.0,356.60983855840567,136.19457687679113,2013-10-27,6,366
367,0.03333685596294037,0.0,0.0,0.7906143455672933,0.17102263180692132,23.802515157539425,0.0,0.0,564.4986427350474,122.11015911014182,2013-10-27,7,367
368,0.0,0.0,0.0,0.8898600375730878,0.10487726820222841,0.0,0.0,0.0,872.0628368216261,102.77972283818384,2013-10-27,8,368
369,0.23311288316478027,0.0,0.0,0.7460833030922136,0.01393647660343222,352.4666793451478,0.0,0.0,1128.077954275427,21.071952624389517,2013-10-27,9,369
370,0.0,0.47925281900621247,0.0,0.5134378039703822,0.0,0.0,946.5243175372697,0.0,1014.0396628415049,0.0,2013-10-27,10,370
371,0.16259925213271573,0.0,0.11718318893826432,0.7177041415560537,0.0,369.4255008455301,0.0,266.24020526773654,1630.6238096153538,0.0,2013-10-27,11,371
372,0.0,0.0,0.25698888329711794,0.7401735920662256,0.0,0.0,0.0,673.0538853551519,1938.5146376214448,0.0,2013-10-27,12,372
373,0.0,0.0,0.28913452057146327,0.7081348121108779,0.0,0.0,0.0,732.9560096486593,1795.1217487010756,0.0,2013-10-27,13,373
374,0.0,0.8057694251875717,0.0,0.1903358728295019,0.0,0.0,1894.363918615981,0.0,447.47963702215895,0.0,2013-10-27,14,374
375,0.0,0.0503936795121385,0.37309900142110985,0.5747004664782375,0.0,0.0,111.72278747841106,827.1604861506006,1274.1109341822525,0.0,2013-10-27,15,375
376,0.0,0.12067156831216026,0.18255996377478942,0.5985892686029083,0.09705970528356368,0.0,231.56873959103555,350.3325704838209,1148.692806448981,186.2575744391587,2013-10-27,16,376
377,0.0,0.7159574973422783,0.1273676225322637,0.15468591101103227,0.0,0.0,1540.740534280583,274.0951236894315,332.88408049574144,0.0,2013-10-27,17,377
378,0.1659077534669256,0.0,0.4016978243086414,0.430009473883512,0.0,404.15128744543074,0.0,978.5359000158505,1047.5030783802354,0.0,2013-10-27,18,378
379,0.0,0.5243404241123382,0.3970002672894224,0.0397704892008697,0.03811743535439983,0.0,1208.6046775789396,915.0856161021186,91.67097760800466,87.86068849189161,2013-10-27,19,379
380,0.0,0.0,0.8627776795858009,0.13433739820897922,0.0,0.0,0.0,1862.7370102257441,290.03444273318615,0.0,2013-10-27,20,380
381,0.0,0.2411047763747322,0.6858196715982453,0.0,0.07059342567220855,0.0,474.494199905473,1349.6931137053468,0.0,138.92786172290644,2013-10-27,21,381
382,0.0,0.0,0.9951001254952352,0.0,0.0,0.0,0.0,1718.5379167302713,0.0,0.0,2013-10-27,22,382
383,0.0,0.0,0.8585107213960296,0.0,0.138450186955092,0.0,0.0,1173.5841561483724,0.0,189.26140556761078,2013-10-27,23,383
384,0.20100704095970875,0.0,0.33751301554180024,0.0,0.46031424166000673,644.8305873987457,0.0,1082.741753858095,0.0,1476.6880872453016,2013-10-06,0,384
385,0.0,0.0,0.029551928274980353,0.0,0.9686160866482436,0.0,0.0,81.85884132169558,0.0,2683.066560015635,2013-10-06,1,385
386,0.0,0.0,0.0,0.0,0.9961840661350423,0.0,0.0,0.0,0.0,2445.631882361529,2013-10-06,2,386
387,0.0,0.0,0.0,0.0,0.9969543910343924,0.0,0.0,0.0,0.0,1873.2773007536234,2013-10-06,3,387
388,0.0,0.0,0.0,0.04584568607907686,0.9512349062516319,0.0,0.0,0.0,52.81423036309654,1095.8226120018799,2013-10-06,4,388
389,0.22911419803678085,0.0,0.0,0.16970812217018694,0.5963336716593275,122.34698175164097,0.0,0.0,90.62413723887983,318.4421806660809,2013-10-06,5,389
390,0.0,0.0,0.0,0.6738072862411963,0.319129281908019,0.0,0.0,0.0,342.29410141052773,162.11767520927364,2013-10-06,6,390
391,0.0,0.0,0.23431927489562832,0.6767322672419482,0.08404837989270081,0.0,0.0,152.07320940726277,439.1992414400244,54.54739855036282,2013-10-06,7,391
392,0.029271893215474354,0.0,0.40970834051227856,0.5556840950296662,0.0,29.476796467982673,0.0,412.5762988958645,559.5738836948739,0.0,2013-10-06,8,392
393,0.0,0.0,0.05571646595975448,0.8962203116792176,0.04540761983744932,0.0,0.0,81.62462263104031,1312.9627566100537,66.52216306186325,2013-10-06,9,393
394,0.0,0.388562000504329,0.0805744277699499,0.5279683519419303,0.0,0.0,782.1753070152142,162.19632310090915,1062.8002924591055,0.0,2013-10-06,10,394
395,0.11870558980344557,0.03879645374978095,0.22019305980226503,0.6213164740650818,0.0,270.8861559314628,88.53350745700013,502.4805624687688,1417.8441938165167,0.0,2013-10-06,11,395
396,0.0,0.0,0.4457709075058474,0.5516746745443559,0.0,0.0,0.0,1147.4143159200512,1420.0106122771722,0.0,2013-10-06,12,396
397,0.0,0.029313239055477443,0.2732241664427264,0.6956663311354403,0.0,0.0,72.55026666230667,676.2298119457479,1721.7741695602147,0.0,2013-10-06,13,397
398,0.0,0.0,0.391492650713475,0.6056523141830106,0.0,0.0,0.0,905.1310084495542,1400.2681503911203,0.0,2013-10-06,14,398
399,0.0,0.5362234915140838,0.148968910096416,0.3128378888280615,0.0,0.0,1181.8365752970406,328.32747785250086,689.4947069770476,0.0,2013-10-06,15,399
400,0.0,0.025103968116279053,0.28587754828930806,0.6865843666147133,0.0,0.0,47.24566799483718,538.0215458804778,1292.1517779688904,0.0,2013-10-06,16,400
401,0.0,0.0,0.5861482488160067,0.41109650410547227,0.0,0.0,0.0,1312.385929099039,920.4450726921524,0.0,2013-10-06,17,401
402,0.0,0.6011475855938113,0.3886310056723026,0.0,0.0,0.0,1458.98519023618,943.2074507666783,0.0,0.0,2013-10-06,18,402
403,0.0,0.0,0.7466927098951531,0.2499540573811259,0.0,0.0,0.0,1730.833701536965,579.3935050094498,0.0,2013-10-06,19,403
404,0.0,0.0,0.9553912784545695,0.041563323470589664,0.0,0.0,0.0,1983.3922940716864,86.28545952494414,0.0,2013-10-06,20,404
405,0.1418802467297721,0.0,0.8474594868268424,0.0,0.0,256.37760584069815,0.0,1531.3592926961041,0.0,0.0,2013-10-06,21,405
406,0.0,0.23591356384757453,0.5169539714888692,0.0,0.2449131425661809,0.0,388.0778125292601,850.3892830991899,0.0,402.8821195213676,2013-10-06,22,406
407,0.0,0.0,0.7431049907654346,0.0,0.25407544519980946,0.0,0.0,1016.5676273671145,0.0,347.5752090333393,2013-10-06,23,407
408,0.0,0.0,0.6059093993399349,0.0,0.3925459953089102,0.0,0.0,1768.64953667327,0.0,1145.841760306709,2013-10-12,0,408
409,0.0,0.0,0.15219474079296275,0.0,0.8459669589440073,0.0,0.0,401.94631043421464,0.0,2234.198738571123,2013-10-12,1,409
410,0.0,0.0,0.0,0.0,0.9973745587507594,0.0,0.0,0.0,0.0,2178.2660363116584,2013-10-12,2,410
411,0.0,0.0,0.11960633293492519,0.0,0.8772488296587333,0.0,0.0,199.26415066958538,0.0,1461.4965502114496,2013-10-12,3,411
412,0.0,0.0,0.0,0.05859168548488724,0.938184025830857,0.0,0.0,0.0,58.35731874294769,934.4312897275336,2013-10-12,4,412
413,0.0,0.0,0.0,0.31802404734985473,0.6757623898265829,0.0,0.0,0.0,171.4149615215717,364.23592811652816,2013-10-12,5,413
414,0.0,0.0,0.22263738088870663,0.6074659442664332,0.16484786473173982,0.0,0.0,140.03891257899647,382.09607894358646,103.68930691626434,2013-10-12,6,414
415,0.0,0.0,0.0,0.8985847353839711,0.0958926337291922,0.0,0.0,0.0,764.6956098117594,81.60463130354256,2013-10-12,7,415
416,0.0,0.0,0.0,0.950453618375669,0.04550267737748839,0.0,0.0,0.0,1248.896054545629,59.79051807401975,2013-10-12,8,416
417,0.0,0.0,0.23010441700105258,0.7652787090310583,0.0,0.0,0.0,409.3557578448725,1361.4308233662528,0.0,2013-10-12,9,417
418,0.0,0.0,0.17958065996454484,0.8146061126581258,0.0,0.0,0.0,384.12303166416143,1742.442474975731,0.0,2013-10-12,10,418
419,0.0,0.07468087758853095,0.2542910309107897,0.6689911959755669,0.0,0.0,184.16304413331733,627.0816822260074,1649.732289275748,0.0,2013-10-12,11,419
420,0.0,0.5125797742374639,0.11245043421309021,0.3731102192542686,0.0,0.0,1255.307867107549,275.39111338785796,913.7469269537039,0.0,2013-10-12,12,420
421,0.0,0.022034162462421045,0.39170997865647333,0.5838383460415099,0.0,0.0,55.32778194313924,983.5837564064045,1466.0180869102312,0.0,2013-10-12,13,421
422,0.0,0.0,0.2951330062961968,0.6996538195413994,0.0,0.0,0.0,712.7462102053153,1689.6639741924796,0.0,2013-10-12,14,422
423,0.0,0.47696182769748113,0.21041656175721576,0.31041512993066167,0.0,0.0,1119.9063714336858,494.05808700594264,728.8547250771936,0.0,2013-10-12,15,423
424,0.0,0.0975773870349944,0.3230545929042452,0.4614933373442545,0.11667886967599576,0.0,185.39703536648935,613.8037265180659,876.8373409540836,221.68985238439194,2013-10-12,16,424
425,0.023343037430264297,0.0,0.438916026843436,0.49720208604374255,0.03900015868021987,54.505992399667136,0.0,1024.8689226794231,1160.9668709121388,91.06537051831339,2013-10-12,17,425
426,0.3709093050719114,0.0,0.3739510966803201,0.25313366420786615,0.0,1040.4006007267114,0.0,1048.932826188298,710.0399281030645,0.0,2013-10-12,18,426
427,0.0,0.0,0.770837197357717,0.22684939774141044,0.0,0.0,0.0,2283.9906157709156,672.1547655077991,0.0,2013-10-12,19,427
428,0.23395338072074084,0.0,0.6075386106455463,0.15657741923076482,0.0,702.7959556851055,0.0,1825.045986379221,470.3585673692175,0.0,2013-10-12,20,428
429,0.0,0.0,0.995049175199387,0.0,0.0,0.0,0.0,2875.692116326228,0.0,0.0,2013-10-12,21,429
430,0.176205046178486,0.0,0.6486457727514023,0.03827751411446743,0.13618073993210517,553.1076399542676,0.0,2036.0990806666518,120.15311680531326,427.4713426468781,2013-10-12,22,430
431,0.0,0.0,0.836592911549631,0.0,0.16174163583414097,0.0,0.0,2741.514971148141,0.0,530.0273406284799,2013-10-12,23,431
432,0.0,0.0,0.5081346323114729,0.0,0.48774768358917947,0.0,0.0,516.2647864284565,0.0,495.55164652660636,2013-10-29,0,432
433,0.0,0.0,0.016034212697547012,0.0,0.9768944711517529,0.0,0.0,9.732767107411036,0.0,592.974943989114,2013-10-29,1,433
434,0.182458921746255,0.0,0.0,0.0,0.8047385118272308,63.86062261118925,0.0,0.0,0.0,281.65847913953075,2013-10-29,2,434
435,0.0,0.0,0.0,0.07067635728411542,0.9139042951341199,0.0,0.0,0.0,17.386383891892393,224.8204566029935,2013-10-29,3,435
436,0.0,0.19051128754864022,0.0,0.35542985893289497,0.44490956876433085,0.0,48.38986703735461,0.0,90.27918416895533,113.00703046614004,2013-10-29,4,436
437,0.0,0.22485330452622004,0.0,0.6549438576929091,0.11307067525799418,0.0,91.06558833311912,0.0,265.25226236562816,45.79362347948764,2013-10-29,5,437
438,0.0,0.0,0.0,0.9754973414046092,0.019607203013613267,0.0,0.0,0.0,1117.919953249682,22.469854653600805,2013-10-29,6,438
439,0.0,0.0,0.0,0.9961785067921136,0.0,0.0,0.0,0.0,2247.3787113230082,0.0,2013-10-29,7,439
440,0.064897115985195,0.0,0.0,0.9323135295235142,0.0,169.18678137340336,0.0,0.0,2430.5413714678016,0.0,2013-10-29,8,440
441,0.0,0.15533340443576577,0.0,0.8411759737003437,0.0,0.0,392.0615127958728,0.0,2123.1281576196675,0.0,2013-10-29,9,441
442,0.0,0.0,0.0,0.9896110339994916,0.0,0.0,0.0,0.0,2242.4586030428477,0.0,2013-10-29,10,442
443,0.0,0.0,0.044293825798307776,0.9497364786198644,0.0,0.0,0.0,92.83985887325309,1990.6476591872358,0.0,2013-10-29,11,443
444,0.0,0.0,0.12190864092120349,0.8740387577042904,0.0,0.0,0.0,268.6866445903325,1926.381421980256,0.0,2013-10-29,12,444
445,0.0,0.20591856109471418,0.09881007931221031,0.692912453950603,0.0,0.0,452.60899728618176,217.18455432823825,1523.0215737834253,0.0,2013-10-29,13,445
446,0.0,0.24508475176211614,0.013128639945898265,0.739618037246591,0.0,0.0,543.5979794083736,29.11932340000235,1640.472806612939,0.0,2013-10-29,14,446
447,0.0,0.3797178258718825,0.05433312456891713,0.5639251860762905,0.0,0.0,858.1622864704545,122.79286152575271,1274.4709205324166,0.0,2013-10-29,15,447
448,0.0,0.5270033776284071,0.0,0.46706622571112744,0.0,0.0,933.322981779909,0.0,827.1742857344067,0.0,2013-10-29,16,448
449,0.0,0.6429530987285015,0.017530946165587702,0.33771971774344267,0.0,0.0,1549.5169679356886,42.24958025906636,813.9045197616969,0.0,2013-10-29,17,449
450,0.0,0.4238937295693144,0.24010585964900158,0.3345453789835169,0.0,0.0,1294.147556375117,733.0431895084018,1021.367042036677,0.0,2013-10-29,18,450
451,0.08677931927888537,0.0,0.6668943302432142,0.24452851987363614,0.0,279.6897460358475,0.0,2149.4004263738793,788.1154195527292,0.0,2013-10-29,19,451
452,0.01672173011094546,0.026710435187075294,0.8933821794795446,0.062281266785258464,0.0,52.740336769921974,84.24471258003548,2817.7273940784835,196.4351154407052,0.0,2013-10-29,20,452
453,0.0,0.0,0.9966278340908742,0.0,0.0,0.0,0.0,2940.0521105680787,0.0,0.0,2013-10-29,21,453
454,0.0,0.0,0.9252973518988828,0.0,0.0728497661128721,0.0,0.0,2537.165338906737,0.0,199.75405868149528,2013-10-29,22,454
455,0.0,0.0,0.5191097208612875,0.0,0.4784761483609774,0.0,0.0,1116.6050095726293,0.0,1029.2021951244624,2013-10-29,23,455
456,0.2540639175171889,0.0,0.20409031274373918,0.0,0.5384208920544573,237.54976287857158,0.0,190.82444241539613,0.0,503.4235340709176,2013-10-21,0,456
457,0.1431278348448379,0.0,0.0,0.0,0.8494144114228798,72.42268443148798,0.0,0.0,0.0,429.8036921799772,2013-10-21,1,457
458,0.169480601507114,0.0,0.0,0.0,0.8158026744500759,52.87794767021957,0.0,0.0,0.0,254.5304344284237,2013-10-21,2,458
459,0.0,0.2934513491388073,0.0,0.0,0.6918318919540177,0.0,73.36283728470183,0.0,0.0,172.95797298850442,2013-10-21,3,459
460,0.0,0.0,0.0,0.4149216171008312,0.5749520150105367,0.0,0.0,0.0,131.9450742380643,182.8347407733507,2013-10-21,4,460
461,0.0,0.0,0.0,0.7549703053761315,0.23759280283069573,0.0,0.0,0.0,394.8494697117168,124.26103588045386,2013-10-21,5,461
462,0.0,0.0,0.0,0.9938611508690802,0.0,0.0,0.0,0.0,1173.7500191763838,0.0,2013-10-21,6,462
463,0.0,0.0,0.0,0.996444658403311,0.0,0.0,0.0,0.0,2168.2635766856047,0.0,2013-10-21,7,463
464,0.0,0.0,0.0,0.9964029916125514,0.0,0.0,0.0,0.0,2439.194523467526,0.0,2013-10-21,8,464
465,0.0,0.0,0.0,0.9949455874260557,0.0,0.0,0.0,0.0,2329.1676201643963,0.0,2013-10-21,9,465
466,0.0,0.0,0.0,0.9949595571493721,0.0,0.0,0.0,0.0,2011.8082245560304,0.0,2013-10-21,10,466
467,0.0,0.0,0.056067675593112855,0.9399088191270755,0.0,0.0,0.0,116.90110361164031,1959.7098878799522,0.0,2013-10-21,11,467
468,0.0,0.0,0.2106577349959619,0.7859447995426366,0.0,0.0,0.0,456.07399626625755,1701.5704910098084,0.0,2013-10-21,12,468
469,0.0,0.0,0.10191656244731591,0.8947030914634774,0.0,0.0,0.0,231.962096130091,2036.3442361708744,0.0,2013-10-21,13,469
470,0.0,0.20871888628160346,0.05537495337725777,0.7336972481086854,0.0,0.0,485.89756726357285,128.91289146225608,1708.0471935970197,0.0,2013-10-21,14,470
471,0.0,0.3431294120182518,0.09503708037425634,0.5597433362390783,0.0,0.0,785.0800946977602,217.4448398962985,1280.6927533150113,0.0,2013-10-21,15,471
472,0.0,0.3582199783567436,0.13335195075093148,0.5062341378586726,0.0,0.0,687.0659184882342,255.7690415402866,970.9570764129339,0.0,2013-10-21,16,472
473,0.0,0.6535611286936354,0.027194027719000154,0.3174673700902913,0.0,0.0,1511.6868906683785,62.89978611404736,734.3020270188438,0.0,2013-10-21,17,473
474,0.0,0.0,0.4166677110818119,0.5808875189006991,0.0,0.0,0.0,1233.753092513245,1720.0079434649701,0.0,2013-10-21,18,474
475,0.0,0.0,0.7627542421255794,0.23492669572532535,0.0,0.0,0.0,2253.938785481087,694.2083858683364,0.0,2013-10-21,19,475
476,0.21313158850937905,0.0,0.6911587027316962,0.09398153566855127,0.0,580.5704470995486,0.0,1882.7163062411405,256.0057031611337,0.0,2013-10-21,20,476
477,0.0,0.2192968095628746,0.7137305833203677,0.0,0.06515399621860025,0.0,518.1983609970727,1686.5453683860287,0.0,153.9588930645524,2013-10-21,21,477
478,0.0,0.17656315322341143,0.6445916597563497,0.0,0.17726595391833988,0.0,380.67015834967503,1389.7396184346899,0.0,382.18539664794076,2013-10-21,22,478
479,0.0,0.0,0.8155906201666723,0.0,0.18159309048558447,0.0,0.0,1280.4772736616756,0.0,285.10115206236765,2013-10-21,23,479
480,0.18831695958446573,0.0,0.28404783759310787,0.0,0.5261670324697932,413.16740932831783,0.0,623.2009556792786,0.0,1154.4104692387264,2013-10-11,0,480
481,0.0,0.0,0.0,0.02572901626857324,0.9696552966436822,0.0,0.0,0.0,34.837088027648164,1312.9132716555457,2013-10-11,1,481
482,0.0,0.0,0.0,0.0,0.9941059046969842,0.0,0.0,0.0,0.0,862.8839252769823,2013-10-11,2,482
483,0.0,0.0,0.0,0.020497794801514944,0.973311031510044,0.0,0.0,0.0,12.72913057174078,604.4261505677373,2013-10-11,3,483
484,0.2510050034182859,0.0,0.0,0.303120596010473,0.441051587784905,130.52260177750867,0.0,0.0,157.62270992544595,229.3468256481506,2013-10-11,4,484
485,0.0,0.2065965003963332,0.0,0.5719867786554615,0.21719628836885016,0.0,112.18189971520893,0.0,310.5888208099156,117.93758458428563,2013-10-11,5,485
486,0.0,0.0,0.0,0.9878822781309642,0.0,0.0,0.0,0.0,1227.9376717167884,0.0,2013-10-11,6,486
487,0.0,0.0,0.0,0.9956474093124845,0.0,0.0,0.0,0.0,2201.376421989903,0.0,2013-10-11,7,487
488,0.07218515527314474,0.0,0.0,0.9251263583636016,0.0,198.7257324669675,0.0,0.0,2546.872864574995,0.0,2013-10-11,8,488
489,0.0,0.0,0.0,0.995991548451235,0.0,0.0,0.0,0.0,2506.9107274517587,0.0,2013-10-11,9,489
490,0.0,0.1935779274054085,0.0,0.8024637228148392,0.0,0.0,451.4237267094126,0.0,1871.345401604205,0.0,2013-10-11,10,490
491,0.0,0.0,0.026510788611172585,0.9703205849291331,0.0,0.0,0.0,64.0235544959818,2343.3242126038563,0.0,2013-10-11,11,491
492,0.0,0.0,0.12474787230445315,0.8723020487396137,0.0,0.0,0.0,302.63833821060337,2116.204770242303,0.0,2013-10-11,12,492
493,0.0,0.0,0.0330176742404178,0.9637959582888201,0.0,0.0,0.0,73.03509541980418,2131.9166597348703,0.0,2013-10-11,13,493
494,0.0,0.3125279406760793,0.0831993934031278,0.6023313612370428,0.0,0.0,745.3791385124491,198.4305532664598,1436.560296550347,0.0,2013-10-11,14,494
495,0.0,0.0,0.1467845468305393,0.8498800025215932,0.0,0.0,0.0,321.45815755888106,1861.2372055222893,0.0,2013-10-11,15,495
496,0.0,0.0,0.2633263899390793,0.7330506528214018,0.0,0.0,0.0,441.598355927836,1229.3259447814908,0.0,2013-10-11,16,496
497,0.0,0.5518641178493476,0.09101498494552056,0.3553384825946881,0.0,0.0,1190.3709022010428,196.31932252748786,766.4651069567423,0.0,2013-10-11,17,497
498,0.0,0.48063718946989775,0.2841763962491773,0.23368455602153038,0.0,0.0,1332.3262892105565,787.7369704027194,647.7735892916822,0.0,2013-10-11,18,498
499,0.0,0.3513342970387658,0.5297560394401344,0.11739022813128328,0.0,0.0,1071.2182716711968,1615.2261642529697,357.9228055722827,0.0,2013-10-11,19,499
500,0.20016784862286313,0.0,0.742845260491184,0.0549021316736198,0.0,611.9131132400926,0.0,2270.8779613215497,167.8358165262557,0.0,2013-10-11,20,500
501,0.17072178722763678,0.0,0.8126395596714003,0.014341752690805787,0.0,511.3117527467722,0.0,2433.855481215844,42.95354930896333,0.0,2013-10-11,21,501
502,0.0,0.0,0.8061338829898105,0.02304779768546657,0.1696857506494752,0.0,0.0,2528.8419909390354,72.30094133930864,532.3041997874037,2013-10-11,22,502
503,0.0,0.0,0.6168608459309177,0.0,0.38047947416957273,0.0,0.0,1954.8320207550782,0.0,1205.739453643376,2013-10-11,23,503
504,0.0,0.0,0.5814616205274268,0.0,0.4148097256304174,0.0,0.0,577.9728508042622,0.0,412.3208672766349,2013-10-15,0,504
505,0.0,0.0,0.07701385111989734,0.0,0.913924348735594,0.0,0.0,45.13011675625984,0.0,535.5596683590582,2013-10-15,1,505
506,0.0,0.0,0.4613663750092807,0.0,0.52685067863026,0.0,0.0,169.7828260034153,0.0,193.88104973593568,2013-10-15,2,506
507,0.0,0.0,0.2421224398233966,0.02674170669522202,0.7168286900207903,0.0,0.0,59.319997756732164,6.5517181403293945,175.62302905509364,2013-10-15,3,507
508,0.10889583585198812,0.0,0.0,0.4048818683518713,0.47705139704279687,27.115063127145042,0.0,0.0,100.81558521961595,118.78579786365641,2013-10-15,4,508
509,0.0,0.18165014923752398,0.0,0.6636403927566942,0.1490453800149906,0.0,87.37372178324904,0.0,319.2110289159699,71.69082778721048,2013-10-15,5,509
510,0.0,0.0,0.0,0.992733080679486,0.0,0.0,0.0,0.0,1161.4977043949987,0.0,2013-10-15,6,510
511,0.0,0.0,0.0,0.9954101691670617,0.0,0.0,0.0,0.0,1902.228833278255,0.0,2013-10-15,7,511
512,0.0,0.0,0.0,0.9960393427446955,0.0,0.0,0.0,0.0,2213.1994195787133,0.0,2013-10-15,8,512
513,0.0,0.0,0.0,0.9944758819439328,0.0,0.0,0.0,0.0,2102.3220144294737,0.0,2013-10-15,9,513
514,0.0,0.0,0.0,0.9697955178340265,0.024480624145168457,0.0,0.0,0.0,1971.5942877565758,49.76910888712747,2013-10-15,10,514
515,0.056938323732647206,0.0,0.040017330843872996,0.8999357253650829,0.0,122.64514932012209,0.0,86.19733063770244,1938.4615524363887,0.0,2013-10-15,11,515
516,0.0,0.0,0.08220783877351277,0.9139445167102032,0.0,0.0,0.0,178.47321797729623,1984.1735457778511,0.0,2013-10-15,12,516
517,0.0,0.4302296527077028,0.0,0.5656512949195613,0.0,0.0,896.168366590145,0.0,1178.2516473174462,0.0,2013-10-15,13,517
518,0.0,0.0,0.08321881609809005,0.9136601683574169,0.0,0.0,0.0,187.57521148509497,2059.390019477618,0.0,2013-10-15,14,518
519,0.0,0.0,0.22606888847302245,0.7707993110001718,0.0,0.0,0.0,480.84852578211877,1639.4901344973655,0.0,2013-10-15,15,519
520,0.0,0.46004553944864346,0.03240718091357363,0.5052990199740548,0.0,0.0,861.2052498478605,60.66624267020983,945.9197653914306,0.0,2013-10-15,16,520
521,0.152086509515167,0.0,0.18486421775501327,0.660571086502266,0.0,340.2175217854286,0.0,413.5412551179647,1477.6975205055692,0.0,2013-10-15,17,521
522,0.0,0.0,0.5666229522031838,0.43101929460397476,0.0,0.0,0.0,1506.6504299082658,1146.0803043519688,0.0,2013-10-15,18,522
523,0.0,0.0,0.7926066560993235,0.204995254719695,0.0,0.0,0.0,2277.9515296294558,589.1563620644034,0.0,2013-10-15,19,523
524,0.0,0.038067946885027036,0.7444261331375333,0.06957420065021706,0.14714698622326552,0.0,107.35161021577625,2099.281695447844,196.1992458336121,414.9545011496088,2013-10-15,20,524
525,0.19370767105497957,0.0,0.8035633673996814,0.0,0.0,511.969374598311,0.0,2123.8179800373578,0.0,0.0,2013-10-15,21,525
526,0.0,0.14440328421900672,0.6875261349506206,0.0,0.16663324586542183,0.0,350.7555773679673,1670.0009817950577,0.0,404.75215420710964,2013-10-15,22,526
527,0.11492674014964496,0.0,0.4758758581754803,0.0,0.40745411358782085,239.39239973171047,0.0,991.2494125795255,0.0,848.7269186034308,2013-10-15,23,527
528,0.0,0.0,0.21849388748596327,0.0,0.7776732694890618,0.0,0.0,275.9577798947716,0.0,982.201339364685,2013-10-30,0,528
529,0.0,0.014696368920580277,0.0,0.0,0.9762574471638898,0.0,11.316204068846814,0.0,0.0,751.7182343161952,2013-10-30,1,529
530,0.0,0.0,0.0,0.0,0.9903771162279109,0.0,0.0,0.0,0.0,518.9576089034254,2013-10-30,2,530
531,0.0,0.0,0.0,0.043790040183062505,0.9444000108281733,0.0,0.0,0.0,14.66966346132594,316.37400362743807,2013-10-30,3,531
532,0.14393851371486155,0.0,0.0,0.2238085557695295,0.6225822228945196,39.00733721672748,0.0,0.0,60.65211861354249,168.71978240441481,2013-10-30,4,532
533,0.0,0.0,0.0,0.8114368606303849,0.1791684279269494,0.0,0.0,0.0,323.7633073915236,71.4882027428528,2013-10-30,5,533
534,0.0,0.03756770332086296,0.0,0.9367336160229494,0.02255146276537296,0.0,44.630431545185196,0.0,1112.8395358352639,26.791137765263077,2013-10-30,6,534
535,0.0,0.0,0.0,0.9961797843304664,0.0,0.0,0.0,0.0,2305.1600209406993,0.0,2013-10-30,7,535
536,0.0,0.0,0.0,0.9965945890089138,0.0,0.0,0.0,0.0,2806.4103626491014,0.0,2013-10-30,8,536
537,0.0,0.0,0.0,0.9959006358756001,0.0,0.0,0.0,0.0,2439.95655789522,0.0,2013-10-30,9,537
538,0.0,0.0,0.0,0.9952120323935075,0.0,0.0,0.0,0.0,2290.9780985698544,0.0,2013-10-30,10,538
539,0.0,0.2743751874502572,0.0,0.7183652303665259,0.0,0.0,592.9247800800058,0.0,1552.3872628220624,0.0,2013-10-30,11,539
540,0.04466166107828842,0.0,0.06500686725148493,0.8874120696737324,0.0,106.56272333279618,0.0,155.10638526204303,2117.3651982415254,0.0,2013-10-30,12,540
541,0.0,0.21146738558408743,0.03874184332298236,0.747510590544568,0.0,0.0,492.7190084109237,90.2684949425489,1741.6996759688436,0.0,2013-10-30,13,541
542,0.0,0.06779057757598224,0.029355326012151645,0.8998254695951071,0.0,0.0,158.35878921749452,68.57404156438625,2101.99229697417,0.0,2013-10-30,14,542
543,0.08895611666487216,0.06906416432014258,0.04116119176988551,0.7996757818283381,0.0,192.50103646278336,149.45485158878853,89.07281899003225,1730.4983918765236,0.0,2013-10-30,15,543
544,0.13239597169920556,0.05515585663939539,0.0859715060522633,0.7254003626029483,0.0,235.7972255962851,98.23258067476318,153.11525227908092,1291.938045795851,0.0,2013-10-30,16,544
545,0.0,0.0,0.39604784644818786,0.6008975090321244,0.0,0.0,0.0,931.5045348461379,1413.3109412435565,0.0,2013-10-30,17,545
546,0.0,0.2741619751138603,0.4712167959886167,0.25307447694187224,0.0,0.0,790.6831362283731,1358.9892396311707,729.8667915003596,0.0,2013-10-30,18,546
547,0.0,0.08548934279355803,0.6982361042123291,0.21482502590003585,0.0,0.0,270.7447486271983,2211.313742040446,680.3508570254136,0.0,2013-10-30,19,547
548,0.0,0.21723791362617592,0.7801495823493172,0.0,0.0,0.0,669.9617256231265,2405.981311965294,0.0,0.0,2013-10-30,20,548
549,0.0,0.16088132479269743,0.782035670015303,0.0,0.055734477612046175,0.0,471.86492561698157,2293.710620154884,0.0,163.46922283613142,2013-10-30,21,549
550,0.0,0.0,0.9797938707499527,0.0,0.018459709670426764,0.0,0.0,2787.5135622836156,0.0,52.517874012364146,2013-10-30,22,550
551,0.0,0.0,0.7224711596932336,0.0,0.2755969492301915,0.0,0.0,1702.1420522372584,0.0,649.3064123863312,2013-10-30,23,551
552,0.0,0.0,0.2135832942820342,0.0,0.7810975336954331,0.0,0.0,185.81746602536975,0.0,679.5548543150268,2013-10-28,0,552
553,0.0,0.0,0.08946003533793757,0.0,0.8962421844255093,0.0,0.0,47.592738799782786,0.0,476.80084211437094,2013-10-28,1,553
554,0.0,0.0,0.022190937732239843,0.0,0.9628799961904173,0.0,0.0,8.166265085464262,0.0,354.3398385980736,2013-10-28,2,554
555,0.03837629612727211,0.0,0.0,0.0693525438991275,0.8813189715531331,9.363816255054394,0.0,0.0,16.92202071138711,215.04182905896448,2013-10-28,3,555
556,0.0,0.0,0.0,0.35188712144472856,0.639107285501666,0.0,0.0,0.0,109.7887818907553,199.40147307651978,2013-10-28,4,556
557,0.0,0.0,0.0,0.8532397195565358,0.13960680792801322,0.0,0.0,0.0,406.99534622846755,66.59244738166231,2013-10-28,5,557
558,0.0,0.0,0.0,0.9700919284521973,0.02541207775302148,0.0,0.0,0.0,1133.0673724321664,29.681306815529087,2013-10-28,6,558
559,0.0,0.1330366408850683,0.0,0.8636258433089965,0.0,0.0,281.50553211280453,0.0,1827.4322844418366,0.0,2013-10-28,7,559
560,0.0,0.0,0.0,0.9961969859450209,0.0,0.0,0.0,0.0,2391.8689632539954,0.0,2013-10-28,8,560
561,0.0,0.0,0.0,0.9961250732874626,0.0,0.0,0.0,0.0,2390.70017588991,0.0,2013-10-28,9,561
562,0.0,0.0,0.01844576950696278,0.9778915799361052,0.0,0.0,0.0,38.93901942919843,2064.329125245118,0.0,2013-10-28,10,562
563,0.0,0.0,0.09671938633424701,0.8992215171451466,0.0,0.0,0.0,201.4664817342365,1873.0784202133405,0.0,2013-10-28,11,563
564,0.0,0.0,0.1262578610193371,0.8696831531103423,0.0,0.0,0.0,260.3437094218731,1793.2866617135257,0.0,2013-10-28,12,564
565,0.11574064715381013,0.11446891162882487,0.04739531425055295,0.7205292785164298,0.0,231.8285162490817,229.28122999253623,94.93281444385755,1443.2201448684089,0.0,2013-10-28,13,565
566,0.1576862176586402,0.0,0.05271193797759818,0.7868140002525297,0.0,334.9255263069518,0.0,111.96015626441854,1671.192936536373,0.0,2013-10-28,14,566
567,0.0575866858334845,0.0863150048851817,0.13789170967607411,0.7167082873241009,0.0,129.22452301033923,193.69087096234776,309.4289965131103,1608.2933967552824,0.0,2013-10-28,15,567
568,0.0,0.41592867877649164,0.0433242359135375,0.5384892318559515,0.0,0.0,803.9901360749584,83.74574802086798,1040.8996851775544,0.0,2013-10-28,16,568
569,0.077522544885804,0.03502178462327982,0.32963944930174144,0.5567745293985402,0.0,184.4261342833277,83.31682561878269,784.2122498888428,1324.5666054391272,0.0,2013-10-28,17,569
570,0.0,0.0,0.6386985989079311,0.3588786635538591,0.0,0.0,0.0,1833.0649788657624,1029.9817643995757,0.0,2013-10-28,18,570
571,0.11686304492843577,0.0,0.6072744255034652,0.27405335103605155,0.0,347.2001064823827,0.0,1804.2123181707952,814.2125059281092,0.0,2013-10-28,19,571
572,0.0,0.19368054888919797,0.7651461308246026,0.03948146703266657,0.0,0.0,534.5583149341865,2111.803321075903,108.96884901015973,0.0,2013-10-28,20,572
573,0.13824085298699954,0.0,0.8508639269540581,0.0,0.0,354.0348244997058,0.0,2179.062516929343,0.0,0.0,2013-10-28,21,573
574,0.0,0.0,0.9024503604984555,0.0,0.09533470741841216,0.0,0.0,2064.8064248204664,0.0,218.12581057332702,2013-10-28,22,574
575,0.0,0.0,0.6071878728157243,0.0,0.38925491559663433,0.0,0.0,952.6777724478713,0.0,610.7409625711192,2013-10-28,23,575
576,0.0,0.0,0.4278285993875356,0.0,0.5702537756554572,0.0,0.0,934.8054896617653,0.0,1246.004499807174,2013-10-18,0,576
577,0.0,0.0,0.0,0.0,0.9955528114045968,0.0,0.0,0.0,0.0,1371.8717741155344,2013-10-18,1,577
578,0.0,0.0,0.0,0.0,0.9930649393722071,0.0,0.0,0.0,0.0,913.6197442224305,2013-10-18,2,578
579,0.0,0.0,0.0,0.0,0.9909521178286043,0.0,0.0,0.0,0.0,602.4988876397914,2013-10-18,3,579
580,0.0,0.0,0.0,0.2597598195613036,0.7332108987056982,0.0,0.0,0.0,120.52855627644487,340.20985699944396,2013-10-18,4,580
581,0.0,0.0,0.0,0.6785088932614494,0.31368156521295665,0.0,0.0,0.0,349.43208002964644,161.54600608467268,2013-10-18,5,581
582,0.0,0.18910261412669963,0.0,0.7663210018666146,0.04127683650097823,0.0,229.19236832155994,0.0,928.7810542623369,50.027525839185614,2013-10-18,6,582
583,0.0,0.0,0.0,0.9932984843769227,0.0,0.0,0.0,0.0,2164.3973974573146,0.0,2013-10-18,7,583
584,0.0,0.0,0.0,0.9965038973866226,0.0,0.0,0.0,0.0,2662.6584138170556,0.0,2013-10-18,8,584
585,0.0,0.0,0.0,0.9847380939881221,0.011218857870293671,0.0,0.0,0.0,2498.280544447866,28.462242416935045,2013-10-18,9,585
586,0.0,0.0,0.1286354010554509,0.8680933903567394,0.0,0.0,0.0,291.74508959376266,1968.835809329085,0.0,2013-10-18,10,586
587,0.0,0.0,0.06802422443982346,0.9285633526543374,0.0,0.0,0.0,152.7824080918435,2085.5532900616417,0.0,2013-10-18,11,587
588,0.0,0.33171403882781203,0.0,0.663731611010453,0.0,0.0,776.2108508570801,0.0,1553.1319697644599,0.0,2013-10-18,12,588
589,0.0,0.3057462660350913,0.0,0.6908645716868556,0.0,0.0,688.2348448449906,0.0,1555.1361508671118,0.0,2013-10-18,13,589
590,0.0,0.0,0.18991694775782142,0.8073342838005675,0.0,0.0,0.0,450.2930831337946,1914.1895868911456,0.0,2013-10-18,14,590
591,0.0,0.0,0.018390960798212414,0.978418332468122,0.0,0.0,0.0,39.59573859855133,2106.5346698038666,0.0,2013-10-18,15,591
592,0.0,0.45269656540117936,0.022838424855225088,0.522388853963318,0.0,0.0,808.5160658065064,40.78942679143201,932.986493178486,0.0,2013-10-18,16,592
593,0.0,0.0,0.3060182355082652,0.6912547328007673,0.0,0.0,0.0,724.651181683572,1636.8912072722171,0.0,2013-10-18,17,593
594,0.0,0.0,0.5816678768612261,0.41611139801388364,0.0,0.0,0.0,1725.808590647258,1234.6025179071928,0.0,2013-10-18,18,594
595,0.0,0.47011455519251644,0.46012549298013866,0.06817090542935857,0.0,0.0,1567.3619270118497,1534.0583935957823,227.28179870148145,0.0,2013-10-18,19,595
596,0.1348960845672966,0.0,0.8019828390589313,0.06110833608822069,0.0,446.23624774861713,0.0,2652.9592316069447,202.14637577983405,0.0,2013-10-18,20,596
597,0.21016176035115244,0.0,0.7423548767320914,0.04406406024350154,0.0,682.395235860192,0.0,2410.426284749101,143.0760036106495,0.0,2013-10-18,21,597
598,0.10362929111109749,0.0,0.7960155958618638,0.0,0.09869995941350236,351.4069261577316,0.0,2699.28888556758,0.0,334.6915623711865,2013-10-18,22,598
599,0.0,0.0,0.4940408003120307,0.0,0.49955607120992074,0.0,0.0,1631.3227226303254,0.0,1649.5341471351583,2013-10-18,23,599
600,0.0,0.0,0.3184407317952321,0.029244017626627504,0.6512953946825348,0.0,0.0,993.535083201124,91.2413349950778,2032.0416314095087,2013-10-20,0,600
601,0.0,0.0,0.3506866530028739,0.0,0.6478726962256939,0.0,0.0,981.2212551020411,0.0,1812.7478040394915,2013-10-20,1,601
602,0.0,0.0,0.0,0.0,0.997523505097092,0.0,0.0,0.0,0.0,2522.7369443905454,2013-10-20,2,602
603,0.0,0.0,0.0,0.0,0.9970453983288542,0.0,0.0,0.0,0.0,1892.3921660281653,2013-10-20,3,603
604,0.0,0.0,0.0,0.012603190717587136,0.9844028454841153,0.0,0.0,0.0,14.531478897377967,1135.0164808431848,2013-10-20,4,604
605,0.0,0.40551239794308247,0.0,0.06507012231386551,0.5258892714696708,0.0,230.73655442961393,0.0,37.02489959658948,299.2309954662427,2013-10-20,5,605
606,0.0,0.0,0.0,0.5433702330339554,0.44913410957719047,0.0,0.0,0.0,274.4019676821475,226.81272533648118,2013-10-20,6,606
607,0.0,0.0,0.0,0.8816914970137917,0.11123010365534529,0.0,0.0,0.0,651.570016293192,82.19904660130017,2013-10-20,7,607
608,0.0,0.4880240797205596,0.0,0.48311177250695264,0.0255096954551267,0.0,558.2995472003201,0.0,552.6798677479538,29.183091600664945,2013-10-20,8,608
609,0.0,0.0,0.09460949302090906,0.871379685315552,0.031763604856964965,0.0,0.0,151.94284579157994,1399.4357746167766,51.012349400285736,2013-10-20,9,609
610,0.0,0.49016399934033006,0.0,0.49647495162841215,0.010861466945405766,0.0,1030.3247266133737,0.0,1043.5903483229224,22.83080351924292,2013-10-20,10,610
611,0.0,0.41670788121730323,0.08546514530380017,0.49592908453378753,0.0,0.0,959.2615425622321,196.740764489348,1141.628752596779,0.0,2013-10-20,11,611
612,0.0,0.0839355941285188,0.37515795805311963,0.5393201532897249,0.0,0.0,210.3425988860681,940.1458428811178,1351.5363041440507,0.0,2013-10-20,12,612
613,0.0,0.0,0.3760818699807598,0.6212944606633254,0.0,0.0,0.0,933.4352012922459,1542.0528513663737,0.0,2013-10-20,13,613
614,0.0,0.0,0.37585207369530205,0.6215192128532694,0.0,0.0,0.0,921.5892847008806,1523.9651099162165,0.0,2013-10-20,14,614
615,0.06089326386611322,0.12863647291501532,0.24880383066517853,0.5605909399595599,0.0,133.29535460292183,281.58523921096855,544.6315853260758,1227.1335675714765,0.0,2013-10-20,15,615
616,0.0,0.7396637075909028,0.0517166471037606,0.20684065435698998,0.0,0.0,1519.2692553917145,106.22599315112427,424.8507040492574,0.0,2013-10-20,16,616
617,0.0,0.0,0.5689666437752703,0.4279314788184783,0.0,0.0,0.0,1310.8991472582227,985.954127197774,0.0,2013-10-20,17,617
618,0.0,0.0,0.6000238902764197,0.3972592866674544,0.0,0.0,0.0,1494.6595106785614,989.5728830886289,0.0,2013-10-20,18,618
619,0.13436108909498276,0.0,0.5872067231088766,0.25742029931672006,0.01984476733685711,329.0503071936128,0.0,1438.0692648936388,630.4223130266474,48.59983520796307,2013-10-20,19,619
620,0.0,0.37025025428164005,0.582576208697703,0.0,0.04073034358717499,0.0,806.405053825412,1268.8509825435972,0.0,88.71068833286714,2013-10-20,20,620
621,0.0,0.0,0.9365563512294508,0.0,0.06012520751803568,0.0,0.0,1931.1791962351276,0.0,123.97817790218957,2013-10-20,21,621
622,0.0,0.0,0.627794054992933,0.0,0.3679845895328233,0.0,0.0,1095.500625962668,0.0,642.1331087347767,2013-10-20,22,622
623,0.0,0.0,0.7185715445599467,0.0,0.2783062912050475,0.0,0.0,1003.1258762056855,0.0,388.51558252224635,2013-10-20,23,623
624,0.17166258672869678,0.0,0.27289143184789383,0.0,0.5532748794185766,239.9842962467181,0.0,381.50222172335555,0.0,773.47828142717,2013-10-09,0,624
625,0.0,0.0,0.08549594663044768,0.0,0.9015162811616714,0.0,0.0,69.42270866392352,0.0,732.0312203032771,2013-10-09,1,625
626,0.0,0.0,0.1282133047301863,0.0,0.8642325963626903,0.0,0.0,63.46558584144222,0.0,427.7951351995317,2013-10-09,2,626
627,0.0,0.0,0.0,0.08725731441048282,0.9025019224964708,0.0,0.0,0.0,32.459720960699606,335.73071516868714,2013-10-09,3,627
628,0.0,0.0,0.0,0.2527183528276635,0.7363738375032364,0.0,0.0,0.0,75.81550584829904,220.9121512509709,2013-10-09,4,628
629,0.0,0.27383653117844403,0.0,0.634807359425507,0.08474875158769864,0.0,111.72530472080517,0.0,259.00140264560684,34.57749064778104,2013-10-09,5,629
630,0.0,0.1770357467508042,0.0,0.817834609882331,0.0,0.0,210.4955028867062,0.0,972.4053511500916,0.0,2013-10-09,6,630
631,0.06600542222798662,0.0,0.0,0.9312227896409567,0.0,151.87847654659723,0.0,0.0,2142.7436389638415,0.0,2013-10-09,7,631
632,0.061033247311984444,0.0,0.0,0.9358016714897055,0.0,157.6488778068558,0.0,0.0,2417.1757174579093,0.0,2013-10-09,8,632
633,0.0,0.0,0.0,0.993297253556501,0.0,0.0,0.0,0.0,2605.418696078702,0.0,2013-10-09,9,633
634,0.0,0.13690929991620232,0.0,0.851115652761493,0.0,0.0,313.9330247078519,0.0,1951.6081917821036,0.0,2013-10-09,10,634
635,0.0,0.29541793452033666,0.03948784905705443,0.6628382587913576,0.0,0.0,684.7787722181404,91.53283411425217,1536.459083878367,0.0,2013-10-09,11,635
636,0.0,0.0,0.022919905434235353,0.9733262308196413,0.0,0.0,0.0,52.53242325526743,2230.8637210386178,0.0,2013-10-09,12,636
637,0.0,0.0,0.06751179839198779,0.928952017628286,0.0,0.0,0.0,153.45431774498823,2111.5079360690943,0.0,2013-10-09,13,637
638,0.0,0.0,0.0,0.9934493223850726,0.0,0.0,0.0,0.0,2370.370083210783,0.0,2013-10-09,14,638
639,0.0,0.05523468640824334,0.14839084478909206,0.7943286837052956,0.0,0.0,121.62677947095183,326.7566402255807,1749.111761519061,0.0,2013-10-09,15,639
640,0.0,0.0,0.2204353076804486,0.7757715623331082,0.0,0.0,0.0,395.2405066710444,1390.9584112632629,0.0,2013-10-09,16,640
641,0.0,0.0326597585809455,0.40185267668611646,0.5612575690439484,0.0,0.0,73.90903366867965,909.3926073406816,1270.1258787464553,0.0,2013-10-09,17,641
642,0.0,0.0206812385598733,0.49364607781184444,0.4842221971087325,0.0,0.0,62.126440633859396,1482.9128177467808,1454.6034801146325,0.0,2013-10-09,18,642
643,0.07129475637012136,0.0,0.6297889629668709,0.2973431766950478,0.0,227.21638855157678,0.0,2007.1374249754176,947.6327041271173,0.0,2013-10-09,19,643
644,0.0,0.07397036393393744,0.8780727796905635,0.04661896197378374,0.0,0.0,231.82312056895992,2751.880091550226,146.10382682583824,0.0,2013-10-09,20,644
645,0.0,0.0,0.7611024486765381,0.02097758689659538,0.21153996855719884,0.0,0.0,2391.3838937416826,65.91157802910269,664.6585812067187,2013-10-09,21,645
646,0.09703602277215291,0.0,0.7278144614542919,0.0,0.17375891943249724,277.4259891055852,0.0,2080.82154529782,0.0,496.77675065750964,2013-10-09,22,646
647,0.0,0.0,0.5374100399240518,0.0,0.4603479226961554,0.0,0.0,1250.5531629032685,0.0,1071.2296161139536,2013-10-09,23,647
648,0.14743112559424823,0.0,0.19139345625380652,0.0,0.6592265208260448,228.3708135454905,0.0,296.4684637371463,0.0,1021.1418807595435,2013-10-03,0,648
649,0.0,0.0,0.028176577334735782,0.0,0.9643064848690959,0.0,0.0,24.71085832256328,0.0,845.6967872301971,2013-10-03,1,649
650,0.0,0.0,0.0,0.0,0.9918937510997858,0.0,0.0,0.0,0.0,543.5577756026827,2013-10-03,2,650
651,0.0,0.0,0.0,0.011040650544967024,0.9795884405488047,0.0,0.0,0.0,4.1292033038176665,366.36607676525296,2013-10-03,3,651
652,0.0,0.24788509264393924,0.0,0.22355361768344684,0.5220519401318292,0.0,84.28093149893934,0.0,76.00823001237192,177.49765964482194,2013-10-03,4,652
653,0.0,0.0,0.0,0.8054907558187677,0.18570186657695378,0.0,0.0,0.0,357.6378955835329,82.45162876016748,2013-10-03,5,653
654,0.0,0.0,0.0,0.9187113221535447,0.07692032326967126,0.0,0.0,0.0,1127.2587922823993,94.38123665188664,2013-10-03,6,654
655,0.0,0.0,0.0,0.9964782521458814,0.0,0.0,0.0,0.0,2257.023241110421,0.0,2013-10-03,7,655
656,0.06336891428963712,0.0,0.0,0.9324280949538133,0.0,167.73751612466944,0.0,0.0,2468.137167342744,0.0,2013-10-03,8,656
657,0.0,0.0,0.0,0.9935016537807446,0.0,0.0,0.0,0.0,2522.5006989493104,0.0,2013-10-03,9,657
658,0.0,0.056747666909995345,0.01060195704537447,0.9215286531736214,0.010111473347356167,0.0,128.64696088495944,24.034636621863925,2089.1054567446,22.922710078456433,2013-10-03,10,658
659,0.0,0.0439380415541182,0.0192689635533276,0.9330826440340402,0.0,0.0,94.8622317153412,41.60169231163429,2014.5254284694927,0.0,2013-10-03,11,659
660,0.0,0.0,0.04253111907853651,0.9539770560976214,0.0,0.0,0.0,103.52074383715787,2321.9801545416103,0.0,2013-10-03,12,660
661,0.0,0.0,0.05597311964694466,0.9409171081227852,0.0,0.0,0.0,130.80918061490968,2198.923281682949,0.0,2013-10-03,13,661
662,0.0,0.3371246134944481,0.0,0.6591897577617579,0.0,0.0,806.7392000922143,0.0,1577.4410903238868,0.0,2013-10-03,14,662
663,0.0,0.05751458175002355,0.09156476741006209,0.8490580663074226,0.0,0.0,132.45608177030425,210.873659345373,1955.3807267059944,0.0,2013-10-03,15,663
664,0.06745599926998685,0.13914734949804322,0.06419380548613689,0.7280345881635104,0.0,118.18291072101697,243.78615632057173,112.46754721171183,1275.5165984624703,0.0,2013-10-03,16,664
665,0.0,0.0,0.3423023041979438,0.6548446331938905,0.0,0.0,0.0,757.5149991900496,1449.1711732580798,0.0,2013-10-03,17,665
666,0.0,0.015092230595631875,0.4707667545918067,0.5126548830195844,0.0,0.0,41.7602020581134,1302.6116099555293,1418.51606131519,0.0,2013-10-03,18,666
667,0.1559031725319907,0.0,0.576802334564787,0.2655744330163913,0.0,481.11719043372335,0.0,1780.0120044669327,819.5627002885835,0.0,2013-10-03,19,667
668,0.0,0.0,0.9489439481193189,0.049246893257190255,0.0,0.0,0.0,3129.6171408975138,162.41625396221346,0.0,2013-10-03,20,668
669,0.0,0.0,0.9913051261485707,0.0,0.0,0.0,0.0,3223.724270235152,0.0,0.0,2013-10-03,21,669
670,0.0,0.0,0.9285987010794877,0.0,0.06971462696254964,0.0,0.0,2731.937378575853,0.0,205.10043252382104,2013-10-03,22,670
671,0.0,0.0,0.47341529560587947,0.0,0.5247454541445409,0.0,0.0,1308.9932923502568,0.0,1450.9211807096556,2013-10-03,23,671
672,0.0,0.0,0.5329503624364113,0.0,0.462872785911152,0.0,0.0,485.51778017957065,0.0,421.67710796505946,2013-10-07,0,672
673,0.0,0.0,0.010704939884975404,0.012598654496757435,0.9673743062477601,0.0,0.0,5.17048596444312,6.085150121933841,467.24178991766814,2013-10-07,1,673
674,0.0,0.0,0.3702892221157069,0.0,0.619840916545348,0.0,0.0,119.60341874337334,0.0,200.20861604414742,2013-10-07,2,674
675,0.022152534396744174,0.0,0.0,0.11122977036033284,0.8545987558355866,4.82925249849023,0.0,0.0,24.24808993855256,186.3025287721579,2013-10-07,3,675
676,0.0,0.25594972620736955,0.0,0.27779437024764997,0.4584063490609987,0.0,63.21958237322028,0.0,68.61520945116955,113.22636821806668,2013-10-07,4,676
677,0.0,0.0,0.0,0.8312215025624985,0.16132807966470117,0.0,0.0,0.0,381.5306696761868,74.04958856609784,2013-10-07,5,677
678,0.0,0.0,0.0,0.9932083772308621,0.0,0.0,0.0,0.0,1165.0334264918013,0.0,2013-10-07,6,678
679,0.0,0.0,0.0,0.9961644764845109,0.0,0.0,0.0,0.0,2118.8418414825546,0.0,2013-10-07,7,679
680,0.0,0.0,0.0,0.9965245412835896,0.0,0.0,0.0,0.0,2526.1897121538996,0.0,2013-10-07,8,680
681,0.0,0.0,0.0,0.992531787795956,0.0,0.0,0.0,0.0,2369.173377468947,0.0,2013-10-07,9,681
682,0.0,0.034736806774247946,0.06900187411223936,0.8939000921277414,0.0,0.0,71.03676985333705,141.1088325595295,1828.025688401231,0.0,2013-10-07,10,682
683,0.0,0.0,0.03306075546854393,0.9588276217966661,0.0,0.0,0.0,70.08880159331314,2032.7145582089322,0.0,2013-10-07,11,683
684,0.09049613089749446,0.0,0.16237187269110384,0.7444612449082494,0.0,213.66136504898444,0.0,383.35999142369616,1757.6729992283767,0.0,2013-10-07,12,684
685,0.0,0.0,0.05429106607496518,0.9414228680960661,0.0,0.0,0.0,109.55937133927974,1899.7913478178614,0.0,2013-10-07,13,685
686,0.0,0.0,0.14472352605124789,0.8511699327908613,0.0,0.0,0.0,302.61689297315934,1779.7963294656909,0.0,2013-10-07,14,686
687,0.0,0.0,0.15840849190949707,0.8384035756162908,0.0,0.0,0.0,349.13231616853153,1847.8414806583048,0.0,2013-10-07,15,687
688,0.0,0.0,0.3531642298455204,0.6424036003657987,0.0,0.0,0.0,648.4095259963755,1179.4530102716064,0.0,2013-10-07,16,688
689,0.0,0.6151504657690757,0.13090934417482208,0.25203344014651935,0.0,0.0,1309.0401911565932,278.57508440402137,536.3271606317932,0.0,2013-10-07,17,689
690,0.08989851763696016,0.0,0.5509545958587362,0.356872695435059,0.0,241.467418372875,0.0,1479.8640444765654,958.5600599385685,0.0,2013-10-07,18,690
691,0.0,0.0,0.6541399276945365,0.23693610264436593,0.1070792891615309,0.0,0.0,1792.9975418107247,649.441857348207,293.50433159175617,2013-10-07,19,691
692,0.0,0.0,0.9837921979616829,0.013911494866876152,0.0,0.0,0.0,2570.6490132738777,36.35073608714739,0.0,2013-10-07,20,692
693,0.0,0.0,0.9808229064430555,0.016633178990244576,0.0,0.0,0.0,2305.9146530476232,39.104603806065,0.0,2013-10-07,21,693
694,0.0,0.0,0.8948872885985599,0.0,0.10190219023088885,0.0,0.0,1845.2575890902306,0.0,210.1223162560928,2013-10-07,22,694
695,0.0,0.0,0.9291980749975308,0.0,0.0680565781726047,0.0,0.0,1471.8497507960888,0.0,107.80161982540585,2013-10-07,23,695
696,0.0,0.0,0.6072362766801483,0.0,0.3910950928692003,0.0,0.0,1832.0318467440075,0.0,1179.9338951863774,2013-10-13,0,696
697,0.0,0.0,0.07294266340976827,0.0,0.9249306449014004,0.0,0.0,203.80180156689252,0.0,2584.2562218545127,2013-10-13,1,697
698,0.0,0.0,0.09051077953194121,0.0,0.9077339393446474,0.0,0.0,222.92804998717122,0.0,2235.7486926058664,2013-10-13,2,698
699,0.0,0.0,0.0,0.0,0.9973976516399115,0.0,0.0,0.0,0.0,1895.0555381158317,2013-10-13,3,699
700,0.0,0.0,0.0,0.05268028099034409,0.9443810370623534,0.0,0.0,0.0,65.79767095693977,1179.5319152908794,2013-10-13,4,700
701,0.0,0.0,0.0,0.26933136898337,0.7238012532599152,0.0,0.0,0.0,137.3589981815187,369.13863916255673,2013-10-13,5,701
702,0.19253680313029503,0.0,0.0,0.4920257193150773,0.3099877180011916,101.65943205279578,0.0,0.0,259.7895797983608,163.6735151046292,2013-10-13,6,702
703,0.0,0.6308697810726034,0.0,0.2526243247386865,0.11152338691031506,0.0,380.41447798677984,0.0,152.33246781742795,67.24860230691998,2013-10-13,7,703
704,0.0,0.6399399304152846,0.0,0.3412901273876271,0.015451059112262156,0.0,623.3014922244872,0.0,332.41658407554877,15.04933157534334,2013-10-13,8,704
705,0.0,0.4651752902854496,0.0,0.524877208678477,0.0,0.0,680.0862743973273,0.0,767.3704790879333,0.0,2013-10-13,9,705
706,0.0,0.5390982574761687,0.0,0.4561422800319205,0.0,0.0,1053.9370933659097,0.0,891.7581574624045,0.0,2013-10-13,10,706
707,0.0,0.6237132612118222,0.0,0.36798274941976933,0.0,0.0,1398.3651316369055,0.0,825.0173241991229,0.0,2013-10-13,11,707
708,0.0,0.6373687274851404,0.060011984183261584,0.30078631193682204,0.0,0.0,1526.4981023269113,143.72870211891149,720.3832170886888,0.0,2013-10-13,12,708
709,0.0,0.0,0.36200101625582537,0.6350624165335247,0.0,0.0,0.0,834.7743434859333,1464.4539325263079,0.0,2013-10-13,13,709
710,0.0,0.6017062461056976,0.03751574343341878,0.3562517542401612,0.0,0.0,1298.4820790960953,80.95897432931773,768.7912856502679,0.0,2013-10-13,14,710
711,0.0,0.0,0.2669418759105319,0.7296763966301689,0.0,0.0,0.0,555.506043769817,1518.4565813873814,0.0,2013-10-13,15,711
712,0.0,0.0,0.45496391920475465,0.5419781135725426,0.0,0.0,0.0,875.8055444691527,1043.3078686271444,0.0,2013-10-13,16,712
713,0.20906033253750816,0.08328422321779416,0.24207150699916705,0.4646175610326135,0.0,463.6958175681931,184.72440709706746,536.9146025241525,1030.5217503703368,0.0,2013-10-13,17,713
714,0.0,0.0,0.6396319028002839,0.3572936262961351,0.0,0.0,0.0,1512.0898182198712,844.6421325640633,0.0,2013-10-13,18,714
715,0.09419458135250966,0.0,0.6443411602041129,0.2548304076406742,0.0,238.78326372861198,0.0,1633.4048411174263,645.9950833691091,0.0,2013-10-13,19,715
716,0.28354946571890016,0.0,0.5984351860959392,0.09530851245617392,0.02163827724924133,634.8672537446174,0.0,1339.8963816688079,213.3957593893734,48.44810276105134,2013-10-13,20,716
717,0.0,0.0,0.9818107205307858,0.012898865563174483,0.0,0.0,0.0,2172.7471245346287,28.54518949130513,0.0,2013-10-13,21,717
718,0.0,0.0,0.6739582478873396,0.0,0.3218705285786845,0.0,0.0,1370.1571179549614,0.0,654.3627846004655,2013-10-13,22,718
719,0.18464925691980785,0.0,0.612660956767341,0.0,0.20009506374288805,305.4098709453622,0.0,1013.341222493182,0.0,330.95723543073683,2013-10-13,23,719
720,0.0,0.0,0.19192656822864654,0.0,0.8061934557656204,0.0,0.0,575.7797046859396,0.0,2418.5803672968614,2013-10-19,0,720
721,0.0,0.0,0.08917754928070029,0.0,0.9091932701560325,0.0,0.0,244.6140176769609,0.0,2493.917140037997,2013-10-19,1,721
722,0.0,0.0,0.0,0.0,0.99766797368251,0.0,0.0,0.0,0.0,2322.571042732883,2013-10-19,2,722
723,0.0,0.0,0.0,0.0,0.9970000115665212,0.0,0.0,0.0,0.0,1681.9390195127212,2013-10-19,3,723
724,0.0,0.0,0.0,0.03548252961179625,0.960970040866407,0.0,0.0,0.0,36.33411032247936,984.0333218472008,2013-10-19,4,724
725,0.0,0.0,0.0,0.49762049619648824,0.4948045140722966,0.0,0.0,0.0,267.71982695371065,266.2048285708956,2013-10-19,5,725
726,0.0,0.0,0.0,0.5594780469632294,0.4327813241877514,0.0,0.0,0.0,329.53256966134217,254.90819994658557,2013-10-19,6,726
727,0.0,0.5993393906812563,0.0,0.3946192149413878,0.0,0.0,548.9948818640307,0.0,361.47120088631124,0.0,2013-10-19,7,727
728,0.0,0.0,0.0,0.9564258390160284,0.038174655894897686,0.0,0.0,0.0,1377.253208183081,54.97150448865267,2013-10-19,8,728
729,0.2310125305748867,0.0,0.02514135263204256,0.7411589705171433,0.0,437.9997579699852,0.0,47.668004590352695,1405.2374081005037,0.0,2013-10-19,9,729
730,0.0,0.12416335552455364,0.166225807604417,0.7064086532563805,0.0,0.0,260.6188832460381,348.90797016167124,1482.7517631851426,0.0,2013-10-19,10,730
731,0.19478485813675833,0.0,0.11219362199544501,0.6907275724164249,0.0,473.91155984673304,0.0,272.9670823149177,1680.5401836891617,0.0,2013-10-19,11,731
732,0.0,0.0,0.23750443431248108,0.7569638504257268,0.0,0.0,0.0,601.1237232448897,1915.8755054275146,0.0,2013-10-19,12,732
733,0.0,0.0,0.3023222533350153,0.6880334142054653,0.0,0.0,0.0,787.8517921910499,1793.0150774194424,0.0,2013-10-19,13,733
734,0.0,0.0,0.2594176087195736,0.7375176689084781,0.0,0.0,0.0,657.1048028866799,1868.132255345175,0.0,2013-10-19,14,734
735,0.0,0.0,0.5665367833084246,0.4304007852547454,0.0,0.0,0.0,1445.8018710030997,1098.3828039701102,0.0,2013-10-19,15,735
736,0.0,0.8427102148784349,0.09162727061104298,0.06323650337706051,0.0,0.0,1770.5341614595918,192.5088955538013,132.8598935952041,0.0,2013-10-19,16,736
737,0.13636234713883894,0.0,0.49997041823247496,0.3572509351648154,0.0,357.269349503758,0.0,1309.9224957690844,935.9974501318163,0.0,2013-10-19,17,737
738,0.0,0.03795653137269177,0.4708566480312512,0.3515934537814068,0.13885342811370108,0.0,110.75715854551459,1373.959698955191,1025.949698134145,405.17430323577975,2013-10-19,18,738
739,0.0,0.0,0.793860261565591,0.20316174032857912,0.0,0.0,0.0,2534.001954917366,648.4922751288245,0.0,2013-10-19,19,739
740,0.26951655772860267,0.0,0.6767855551118144,0.05136099921081454,0.0,847.3600574987267,0.0,2127.8137852715445,161.4789815188009,0.0,2013-10-19,20,740
741,0.0,0.0,0.9841087378053691,0.0132115263261807,0.0,0.0,0.0,2870.645188178262,38.538022293469105,0.0,2013-10-19,21,741
742,0.0,0.0,0.9830203682984157,0.0,0.015044657930059331,0.0,0.0,3049.3291824616854,0.0,46.66852889904405,2013-10-19,22,742
743,0.0,0.0,0.5239202580759389,0.02211930649332705,0.45291180485607896,0.0,0.0,1744.1305391348005,73.63517131628575,1507.7433983658868,2013-10-19,23,743
