orig,dest,pair,prob,topic
916,101,"(916,101)",0.0024069610198268775,2
87,1009,"(87,1009)",0.002230300432119867,2
775,961,"(775,961)",0.002175724264898241,2
868,101,"(868,101)",0.002098933602001379,2
869,101,"(869,101)",0.0019781829184114335,2
821,635,"(821,635)",0.0019052301751176911,2
1102,1009,"(1102,1009)",0.0018801335737833188,2
775,635,"(775,635)",0.0018636330351050974,2
822,635,"(822,635)",0.001821535339156405,2
915,681,"(915,681)",0.0017676973150963908,2
915,1056,"(915,1056)",0.0017153356489122298,2
728,634,"(728,634)",0.0016836846646809908,2
101,961,"(101,961)",0.001680574908989288,2
867,1009,"(867,1009)",0.0016751878098146557,2
87,963,"(87,963)",0.0016373818418766888,2
1009,73,"(1009,73)",0.0016362435841103392,2
774,961,"(774,961)",0.0016357601394847595,2
73,1009,"(73,1009)",0.0016115464141923802,2
961,73,"(961,73)",0.0016096223063035054,2
914,728,"(914,728)",0.001601862245475695,2
775,1009,"(775,1009)",0.0015671422672528222,2
1009,1059,"(1009,1059)",0.0015551364868791817,2
961,728,"(961,728)",0.0015438810993721663,2
821,963,"(821,963)",0.00154296922949881,2
822,731,"(822,731)",0.0015268145293837396,2
777,1009,"(777,1009)",0.001519131374044162,2
775,87,"(775,87)",0.001513882360496343,2
961,1056,"(961,1056)",0.0015111221216750556,2
961,774,"(961,774)",0.001463088044731131,2
776,961,"(776,961)",0.001440467556646275,2
822,682,"(822,682)",0.0014239342664713994,2
961,777,"(961,777)",0.0014052949354375834,2
821,683,"(821,683)",0.0013951970629501062,2
914,681,"(914,681)",0.0013909809620000144,2
822,101,"(822,101)",0.0013907412341988752,2
869,731,"(869,731)",0.0013892520509223032,2
775,1008,"(775,1008)",0.0013859701703974132,2
776,914,"(776,914)",0.0013848198570328909,2
962,775,"(962,775)",0.0013658009678319755,2
823,727,"(823,727)",0.0013618563578244418,2
1056,961,"(1056,961)",0.0013528656501728758,2
962,774,"(962,774)",0.0013510186415601312,2
774,1009,"(774,1009)",0.0013404724307847788,2
1008,777,"(1008,777)",0.0013227499078421374,2
1008,73,"(1008,73)",0.0013206401145829795,2
914,73,"(914,73)",0.001304877657952979,2
868,1056,"(868,1056)",0.0013011899026601655,2
962,728,"(962,728)",0.001297994605986304,2
914,777,"(914,777)",0.001283037287549919,2
868,727,"(868,727)",0.0012790456120547506,2
914,1056,"(914,1056)",0.0012766315012622581,2
963,101,"(963,101)",0.0012762181669293425,2
73,684,"(73,684)",0.0012636320325412373,2
728,914,"(728,914)",0.001261005599899014,2
961,82,"(961,82)",0.001254137342287157,2
1055,821,"(1055,821)",0.0012507958311149885,2
916,1056,"(916,1056)",0.0012374777557214378,2
728,962,"(728,962)",0.0012348586228755614,2
73,637,"(73,637)",0.0012341508002381924,2
73,961,"(73,961)",0.001231087516972034,2
962,681,"(962,681)",0.0012227933094787545,2
1008,774,"(1008,774)",0.001221094239236791,2
73,914,"(73,914)",0.0012086437464678239,2
867,916,"(867,916)",0.001207104145058831,2
774,73,"(774,73)",0.0011962844755918287,2
823,101,"(823,101)",0.0011919457473476096,2
1056,1008,"(1056,1008)",0.001182004730088782,2
869,1056,"(869,1056)",0.0011789890638443015,2
87,961,"(87,961)",0.0011601147929230845,2
777,914,"(777,914)",0.0011510550088273098,2
775,634,"(775,634)",0.0011467989480255462,2
777,961,"(777,961)",0.0011448027093586579,2
869,727,"(869,727)",0.0011405807194419142,2
728,961,"(728,961)",0.0011389046286686129,2
823,635,"(823,635)",0.0011331640542272517,2
1008,775,"(1008,775)",0.0011232273314660658,2
915,683,"(915,683)",0.0011224847093396168,2
1056,101,"(1056,101)",0.001121772328863179,2
776,1009,"(776,1009)",0.0011184327760593272,2
1101,962,"(1101,962)",0.0011184194645000518,2
87,914,"(87,914)",0.0011119073019141491,2
1008,728,"(1008,728)",0.0011076545792716574,2
961,681,"(961,681)",0.0011044206223266456,2
868,635,"(868,635)",0.0010994939724245153,2
821,682,"(821,682)",0.0010924880673818113,2
777,963,"(777,963)",0.0010912791753802814,2
821,101,"(821,101)",0.001072648896933787,2
961,776,"(961,776)",0.0010703521841310339,2
1009,775,"(1009,775)",0.0010703112438878223,2
774,727,"(774,727)",0.0010696476856624276,2
1101,916,"(1101,916)",0.0010664440727270845,2
1009,774,"(1009,774)",0.0010656885847761264,2
821,1055,"(821,1055)",0.0010653592765900765,2
101,916,"(101,916)",0.0010643681320154433,2
963,1056,"(963,1056)",0.0010510022362134961,2
101,914,"(101,914)",0.0010496118702842023,2
728,916,"(728,916)",0.0010461412695818325,2
963,87,"(963,87)",0.0010439592986338263,2
737,73,"(737,73)",0.0010410020056900195,2
775,82,"(775,82)",0.0010294854563731057,2
774,962,"(774,962)",0.001028492823297158,2
82,961,"(82,961)",0.0010284346054519676,2
776,731,"(776,731)",0.001023345606432819,2
1054,916,"(1054,916)",0.0010171789967986131,2
962,82,"(962,82)",0.0010161574890271826,2
681,914,"(681,914)",0.0010149951795776723,2
915,635,"(915,635)",0.0010096067855448912,2
1056,1059,"(1056,1059)",0.0010062859472053818,2
1055,1056,"(1055,1056)",0.0010039703696781642,2
963,73,"(963,73)",0.0009986522214840558,2
1056,914,"(1056,914)",0.0009977319749018894,2
822,1056,"(822,1056)",0.0009950119892603913,2
822,634,"(822,634)",0.0009919839310220126,2
1009,776,"(1009,776)",0.0009914453483554453,2
737,915,"(737,915)",0.0009909364472350727,2
774,916,"(774,916)",0.000980888631281779,2
963,777,"(963,777)",0.0009772756988977716,2
1009,728,"(1009,728)",0.0009765171419052167,2
916,774,"(916,774)",0.000966714446111311,2
1009,1058,"(1009,1058)",0.0009657430062444318,2
869,635,"(869,635)",0.0009587274985921726,2
728,1009,"(728,1009)",0.0009530287000895639,2
1007,961,"(1007,961)",0.0009509311757675404,2
963,821,"(963,821)",0.00095028338297137,2
823,1101,"(823,1101)",0.0009476907047060229,2
962,1102,"(962,1102)",0.0009408885415614696,2
914,87,"(914,87)",0.0009345305178920133,2
1101,1056,"(1101,1056)",0.0009300343351149223,2
737,916,"(737,916)",0.0009290414289301952,2
1102,1008,"(1102,1008)",0.0009231401037583819,2
1102,962,"(1102,962)",0.0009230647759862183,2
822,1102,"(822,1102)",0.000919788527327398,2
916,728,"(916,728)",0.0009164077777850049,2
775,963,"(775,963)",0.0009162807600060095,2
823,1056,"(823,1056)",0.0009129330984824412,2
737,777,"(737,777)",0.0009091799992370102,2
916,681,"(916,681)",0.0009088866729641045,2
1008,82,"(1008,82)",0.0009064498140061947,2
729,681,"(729,681)",0.0009064207735046343,2
681,589,"(681,589)",0.0009053298806104035,2
73,963,"(73,963)",0.0009035889586011482,2
868,731,"(868,731)",0.0008982648945566881,2
1008,87,"(1008,87)",0.0008971956256218147,2
774,635,"(774,635)",0.0008947756971294485,2
776,1008,"(776,1008)",0.0008921433469781981,2
1008,1059,"(1008,1059)",0.0008897560037528537,2
915,1102,"(915,1102)",0.0008892503775309138,2
776,635,"(776,635)",0.0008869244621120225,2
1059,1009,"(1059,1009)",0.0008853652574816069,2
1056,915,"(1056,915)",0.0008835934737326464,2
775,588,"(775,588)",0.0008823176366596655,2
101,915,"(101,915)",0.0008814474544520278,2
1008,681,"(1008,681)",0.0008806763340441266,2
916,1101,"(916,1101)",0.0008755212170948,2
961,87,"(961,87)",0.0008754489829855158,2
1054,1056,"(1054,1056)",0.000874198224558905,2
822,588,"(822,588)",0.0008718836722111544,2
915,96,"(915,96)",0.0008692974754057636,2
915,727,"(915,727)",0.0008687547095825335,2
737,823,"(737,823)",0.000863603577565793,2
916,1055,"(916,1055)",0.0008619995609868642,2
823,1055,"(823,1055)",0.0008618442196235247,2
1102,914,"(1102,914)",0.0008606888618423854,2
87,776,"(87,776)",0.0008583177375331207,2
1102,961,"(1102,961)",0.0008581758391743212,2
101,1008,"(101,1008)",0.0008557771134723443,2
823,82,"(823,82)",0.0008532134019458965,2
635,73,"(635,73)",0.000853207343955043,2
635,589,"(635,589)",0.0008518777478442494,2
824,823,"(824,823)",0.0008461566325716233,2
821,588,"(821,588)",0.0008447925077048904,2
727,821,"(727,821)",0.0008347042561657437,2
914,727,"(914,727)",0.0008268745355048116,2
961,96,"(961,96)",0.0008267502122942323,2
776,727,"(776,727)",0.0008245642099721981,2
1008,96,"(1008,96)",0.0008217650966568634,2
101,868,"(101,868)",0.0008211830101139913,2
774,777,"(774,777)",0.000820812987789535,2
821,731,"(821,731)",0.000815962407559037,2
1054,1102,"(1054,1102)",0.0008123936160670223,2
867,82,"(867,82)",0.0008092892232756218,2
728,589,"(728,589)",0.0008060024118304123,2
821,634,"(821,634)",0.0008003342337450274,2
785,821,"(785,821)",0.0008002892477558689,2
821,1056,"(821,1056)",0.0007984369342608171,2
1008,776,"(1008,776)",0.0007975190564282077,2
962,96,"(962,96)",0.0007944763100142845,2
961,1102,"(961,1102)",0.0007937972268352857,2
145,869,"(145,869)",0.0007900933730423878,2
869,824,"(869,824)",0.000788987754876497,2
82,962,"(82,962)",0.0007879705880818377,2
729,821,"(729,821)",0.0007875389766425815,2
962,683,"(962,683)",0.0007846296109643785,2
1059,965,"(1059,965)",0.0007815780187236007,2
1056,916,"(1056,916)",0.0007810994587325809,2
73,59,"(73,59)",0.0007764378173609911,2
1055,916,"(1055,916)",0.0007756995683064098,2
1009,681,"(1009,681)",0.0007745330185242046,2
1055,101,"(1055,101)",0.0007740913781514176,2
823,1054,"(823,1054)",0.000773877404861159,2
1101,101,"(1101,101)",0.0007723833818603749,2
1056,868,"(1056,868)",0.0007717729260689526,2
776,774,"(776,774)",0.0007696872584267873,2
145,821,"(145,821)",0.0007666301360361211,2
914,96,"(914,96)",0.0007664241444623373,2
867,728,"(867,728)",0.0007654115394378233,2
101,1056,"(101,1056)",0.0007642004092291058,2
1449,821,"(1449,821)",0.0007605678603968027,2
87,87,"(87,87)",0.0007571991672772343,2
82,1009,"(82,1009)",0.0007541838656737096,2
1009,82,"(1009,82)",0.0007465502246641346,2
916,683,"(916,683)",0.0007463591694580352,2
737,914,"(737,914)",0.0007462158503526667,2
1055,1102,"(1055,1102)",0.0007421202214296325,2
681,682,"(681,682)",0.0007407811412917724,2
775,867,"(775,867)",0.0007385457780150734,2
823,682,"(823,682)",0.0007362385383946,2
916,82,"(916,82)",0.0007350338855684177,2
1056,1056,"(1056,1056)",0.0007346754885382238,2
73,774,"(73,774)",0.0007309146114963532,2
1009,1057,"(1009,1057)",0.0007300921726530858,2
1055,963,"(1055,963)",0.000727219591096837,2
681,962,"(681,962)",0.0007253776890685791,2
1054,963,"(1054,963)",0.0007235072989264971,2
87,731,"(87,731)",0.0007234074791550444,2
823,867,"(823,867)",0.0007215415393505222,2
822,824,"(822,824)",0.000720643629713875,2
737,681,"(737,681)",0.0007177811832741462,2
1102,1056,"(1102,1056)",0.0007176638185621208,2
1054,101,"(1054,101)",0.0007174685242409119,2
87,728,"(87,728)",0.0007171100732225464,2
867,681,"(867,681)",0.0007167897265614833,2
1102,916,"(1102,916)",0.0007152377032711609,2
1054,774,"(1054,774)",0.0007141595294384091,2
1055,823,"(1055,823)",0.0007134840275850752,2
821,1102,"(821,1102)",0.0007132443168565558,2
785,916,"(785,916)",0.0007130138368972918,2
1101,963,"(1101,963)",0.0007118739565393904,2
728,87,"(728,87)",0.0007091923999355276,2
869,682,"(869,682)",0.0007091545732084771,2
87,101,"(87,101)",0.0007077355676784488,2
775,731,"(775,731)",0.0007065913299184099,2
87,775,"(87,775)",0.0007044841949730938,2
737,728,"(737,728)",0.0007028033023668733,2
774,1008,"(774,1008)",0.0007022399168854482,2
1054,777,"(1054,777)",0.0007002801913622018,2
145,822,"(145,822)",0.0006935157472707777,2
82,774,"(82,774)",0.0006929069615811302,2
737,1009,"(737,1009)",0.0006915447629077801,2
1059,1012,"(1059,1012)",0.0006914133967832755,2
1007,914,"(1007,914)",0.0006899838157653118,2
868,1102,"(868,1102)",0.00068765902088529,2
775,1054,"(775,1054)",0.0006848232298821684,2
737,962,"(737,962)",0.000684012741061235,2
1056,963,"(1056,963)",0.0006814281889519991,2
777,101,"(777,101)",0.0006809995202709163,2
823,634,"(823,634)",0.0006785993049351613,2
73,634,"(73,634)",0.0006654490513803128,2
683,821,"(683,821)",0.0006654034673742355,2
1101,823,"(1101,823)",0.0006646778605475636,2
1056,1055,"(1056,1055)",0.0006640017158759896,2
737,1101,"(737,1101)",0.0006594209076279649,2
728,82,"(728,82)",0.000654079434495225,2
777,1008,"(777,1008)",0.0006510163748736584,2
821,729,"(821,729)",0.0006490890997290601,2
1009,1012,"(1009,1012)",0.0006483376188148389,2
682,681,"(682,681)",0.000647640839449392,2
1059,1058,"(1059,1058)",0.0006456028629553724,2
101,869,"(101,869)",0.0006441245503810618,2
1102,915,"(1102,915)",0.0006423816867012711,2
634,728,"(634,728)",0.0006420757924611409,2
915,729,"(915,729)",0.0006402998081722376,2
1007,1009,"(1007,1009)",0.0006391714671271693,2
1449,822,"(1449,822)",0.0006378902832928226,2
588,73,"(588,73)",0.0006374154525918098,2
1008,1058,"(1008,1058)",0.0006371655588412169,2
868,634,"(868,634)",0.0006353193602291822,2
961,1007,"(961,1007)",0.0006330278780455156,2
1059,1059,"(1059,1059)",0.0006329087561816533,2
914,1102,"(914,1102)",0.0006323980081275471,2
1056,869,"(1056,869)",0.0006306257380570968,2
961,727,"(961,727)",0.0006305407116961472,2
737,961,"(737,961)",0.00062797918949913,2
916,1102,"(916,1102)",0.0006240204942061965,2
728,731,"(728,731)",0.0006233493759048857,2
915,731,"(915,731)",0.0006231849104230056,2
1101,777,"(1101,777)",0.0006202403919203531,2
1008,115,"(1008,115)",0.0006199067095698105,2
1449,869,"(1449,869)",0.0006179527294793613,2
588,589,"(588,589)",0.0006168063909806167,2
681,915,"(681,915)",0.0006158392772709428,2
737,963,"(737,963)",0.0006158227528347376,2
1007,1101,"(1007,1101)",0.0006106559993147812,2
737,87,"(737,87)",0.0006105187992592639,2
73,588,"(73,588)",0.0006040072791954201,2
821,589,"(821,589)",0.0006032739319532268,2
823,684,"(823,684)",0.0006027215555668971,2
101,963,"(101,963)",0.0005976301881597141,2
777,824,"(777,824)",0.0005975332545164714,2
777,635,"(777,635)",0.0005971895620668817,2
823,1102,"(823,1102)",0.0005952949309751456,2
822,589,"(822,589)",0.0005923268925693458,2
962,115,"(962,115)",0.000591233554228358,2
916,1054,"(916,1054)",0.000590235738115979,2
1102,101,"(1102,101)",0.0005899036804663312,2
73,824,"(73,824)",0.0005893381349094389,2
774,776,"(774,776)",0.0005891878331893531,2
728,1008,"(728,1008)",0.0005886209083687941,2
1402,869,"(1402,869)",0.0005860868166278158,2
1009,1007,"(1009,1007)",0.0005858291330225477,2
681,1009,"(681,1009)",0.0005852641284100349,2
867,823,"(867,823)",0.0005813662050924915,2
681,961,"(681,961)",0.0005802765136624315,2
775,589,"(775,589)",0.0005777215897209933,2
101,101,"(101,101)",0.0005767708973444612,2
914,635,"(914,635)",0.0005756776713167554,2
785,868,"(785,868)",0.0005755618336047768,2
1059,1013,"(1059,1013)",0.0005749887644028571,2
777,774,"(777,774)",0.0005748205393419828,2
1059,1056,"(1059,1056)",0.0005743904706703802,2
915,1059,"(915,1059)",0.0005703561517627799,2
87,1008,"(87,1008)",0.0005697308115593687,2
868,589,"(868,589)",0.0005680658988616127,2
73,101,"(73,101)",0.0005677361130196204,2
785,73,"(785,73)",0.0005675390672000017,2
916,824,"(916,824)",0.0005655900315854282,2
962,1057,"(962,1057)",0.0005649320093527287,2
1402,822,"(1402,822)",0.0005639641233692998,2
867,73,"(867,73)",0.0005637743669457628,2
73,1008,"(73,1008)",0.0005637149843786477,2
729,914,"(729,914)",0.0005634269213119213,2
73,727,"(73,727)",0.0005631965594525417,2
729,868,"(729,868)",0.0005613229100668354,2
1009,1197,"(1009,1197)",0.0005611256877570378,2
683,775,"(683,775)",0.0005595095461876299,2
1007,915,"(1007,915)",0.0005583090389529756,2
1054,96,"(1054,96)",0.0005580367107183829,2
1054,73,"(1054,73)",0.0005573256256026417,2
823,778,"(823,778)",0.0005561091817123618,2
588,634,"(588,634)",0.0005553451148578526,2
684,73,"(684,73)",0.0005550775538890676,2
682,683,"(682,683)",0.0005547079351368747,2
635,634,"(635,634)",0.0005547007825743864,2
729,961,"(729,961)",0.0005526104944484728,2
915,1197,"(915,1197)",0.0005524068895613328,2
1056,822,"(1056,822)",0.0005517342364406714,2
867,777,"(867,777)",0.0005515058377789898,2
1009,1245,"(1009,1245)",0.0005507952790007931,2
915,1007,"(915,1007)",0.0005499712752333996,2
1402,821,"(1402,821)",0.0005495110391176156,2
774,634,"(774,634)",0.0005480306422362426,2
1054,82,"(1054,82)",0.0005461186645777651,2
737,1008,"(737,1008)",0.0005459226018878758,2
1007,1008,"(1007,1008)",0.0005439661717370286,2
683,731,"(683,731)",0.0005430249233938439,2
1102,868,"(1102,868)",0.0005427908289152606,2
867,101,"(867,101)",0.0005424882849607541,2
868,682,"(868,682)",0.0005416195533219249,2
822,115,"(822,115)",0.0005408486876164643,2
962,727,"(962,727)",0.0005404284215689294,2
774,87,"(774,87)",0.0005396157677162037,2
775,824,"(775,824)",0.0005393555485968916,2
868,824,"(868,824)",0.0005383375526069959,2
785,915,"(785,915)",0.0005376958523067394,2
1197,1245,"(1197,1245)",0.0005372600149891125,2
785,777,"(785,777)",0.0005363422009844745,2
823,588,"(823,588)",0.0005353598662778627,2
868,96,"(868,96)",0.0005338582743943483,2
962,1197,"(962,1197)",0.000533728746699829,2
915,913,"(915,913)",0.0005321605265917415,2
1054,681,"(1054,681)",0.0005320251195478741,2
1056,1058,"(1056,1058)",0.0005316129900893235,2
145,868,"(145,868)",0.0005302511437738161,2
1056,1101,"(1056,1101)",0.0005291804073353732,2
775,101,"(775,101)",0.0005284480695514826,2
1008,1197,"(1008,1197)",0.0005273223105280304,2
82,82,"(82,82)",0.0005260299630779411,2
1403,869,"(1403,869)",0.0005225526620985793,2
915,588,"(915,588)",0.000520771159014735,2
728,963,"(728,963)",0.0005191707709412025,2
588,588,"(588,588)",0.0005183634169112005,2
1009,683,"(1009,683)",0.0005181754067575617,2
1008,727,"(1008,727)",0.0005167129201302255,2
82,728,"(82,728)",0.0005165671453070853,2
916,731,"(916,731)",0.0005161381766781012,2
588,821,"(588,821)",0.0005158186628425654,2
915,682,"(915,682)",0.0005158072496803542,2
914,1007,"(914,1007)",0.0005144256346431524,2
73,589,"(73,589)",0.0005124914224500166,2
1102,963,"(1102,963)",0.0005118419636861873,2
774,683,"(774,683)",0.0005094048078423573,2
777,637,"(777,637)",0.0005092718187664754,2
1101,774,"(1101,774)",0.0005084922898620589,2
684,777,"(684,777)",0.0005084108914321042,2
867,775,"(867,775)",0.0005060374696431276,2
683,915,"(683,915)",0.0005028801805162214,2
821,96,"(821,96)",0.0005028638957221988,2
915,634,"(915,634)",0.0005021326188711254,2
1403,822,"(1403,822)",0.0005015025864958225,2
1101,73,"(1101,73)",0.0004985027859844448,2
635,821,"(635,821)",0.0004967387080969853,2
785,961,"(785,961)",0.0004964958531777286,2
683,682,"(683,682)",0.0004952798144955441,2
87,683,"(87,683)",0.0004942010948582332,2
1009,106,"(1009,106)",0.0004939148219560972,2
869,634,"(869,634)",0.0004938939265444328,2
82,1008,"(82,1008)",0.0004936524540497421,2
1009,731,"(1009,731)",0.0004930603962419308,2
822,918,"(822,918)",0.0004921939105007995,2
1056,821,"(1056,821)",0.0004902955703334892,2
776,682,"(776,682)",0.00048816090749785964,2
1009,115,"(1009,115)",0.00048754288803115663,2
962,731,"(962,731)",0.0004852445732865028,2
682,635,"(682,635)",0.0004844990975788758,2
1102,869,"(1102,869)",0.0004844835987234897,2
737,774,"(737,774)",0.0004842034926833225,2
915,1057,"(915,1057)",0.0004835554639059191,2
727,774,"(727,774)",0.0004834934517696693,2
776,588,"(776,588)",0.00048279243726941947,2
101,1055,"(101,1055)",0.0004823953303430746,2
729,635,"(729,635)",0.00048047210405007494,2
774,963,"(774,963)",0.00047925200881702106,2
729,729,"(729,729)",0.0004784860123546589,2
1101,1102,"(1101,1102)",0.00047713768749712144,2
1102,1055,"(1102,1055)",0.0004756525897033609,2
1056,1054,"(1056,1054)",0.00047558772660589635,2
823,637,"(823,637)",0.00047476061772819007,2
785,823,"(785,823)",0.00047472195788985424,2
729,915,"(729,915)",0.00047256337666961066,2
914,634,"(914,634)",0.0004717619901492275,2
914,683,"(914,683)",0.00047026707329668536,2
868,1059,"(868,1059)",0.00047003128409098905,2
824,868,"(824,868)",0.00046815661406381836,2
82,681,"(82,681)",0.00046775312011531944,2
634,635,"(634,635)",0.0004654453967774455,2
588,59,"(588,59)",0.00046359251540658,2
82,916,"(82,916)",0.00046289317664106666,2
785,728,"(785,728)",0.00046275664463609856,2
822,96,"(822,96)",0.0004626155416983273,2
1054,728,"(1054,728)",0.0004625683064524621,2
774,588,"(774,588)",0.0004624375126163135,2
681,916,"(681,916)",0.0004623909073064664,2
961,115,"(961,115)",0.00046213824930463945,2
962,635,"(962,635)",0.0004595395066641665,2
96,1008,"(96,1008)",0.0004586310331562472,2
961,635,"(961,635)",0.0004583098048206049,2
1055,777,"(1055,777)",0.0004580368207979089,2
1102,1054,"(1102,1054)",0.0004564333399845218,2
1054,823,"(1054,823)",0.00045631425973666515,2
915,589,"(915,589)",0.0004562290758168584,2
868,588,"(868,588)",0.00045534897871773745,2
867,1101,"(867,1101)",0.0004542025931736571,2
1007,1054,"(1007,1054)",0.000454199953197738,2
729,962,"(729,962)",0.0004541883095044375,2
727,73,"(727,73)",0.0004539317579898989,2
867,727,"(867,727)",0.0004532644663420848,2
101,823,"(101,823)",0.0004532441165089347,2
681,731,"(681,731)",0.00045317584032302806,2
1102,777,"(1102,777)",0.0004527768875420095,2
775,1101,"(775,1101)",0.000452761108521927,2
634,821,"(634,821)",0.00045104397970674296,2
868,729,"(868,729)",0.0004509466416038727,2
588,774,"(588,774)",0.0004507081528997286,2
588,775,"(588,775)",0.000449360002627974,2
1008,683,"(1008,683)",0.00044935246824927505,2
682,775,"(682,775)",0.0004492662151003674,2
869,1197,"(869,1197)",0.00044749523276581634,2
1009,727,"(1009,727)",0.00044595148543760205,2
634,73,"(634,73)",0.00044572504716206896,2
869,1057,"(869,1057)",0.00044563629152329337,2
775,1055,"(775,1055)",0.00044547015073775166,2
1054,867,"(1054,867)",0.0004454209595086898,2
1056,1102,"(1056,1102)",0.00044529104510123845,2
681,729,"(681,729)",0.0004452562808057087,2
913,961,"(913,961)",0.00044522319131157624,2
915,115,"(915,115)",0.00044517936869639777,2
1008,1245,"(1008,1245)",0.00044370659617230546,2
1101,82,"(1101,82)",0.0004430797543717174,2
1009,96,"(1009,96)",0.0004426613260458882,2
869,115,"(869,115)",0.0004426374416003704,2
1403,821,"(1403,821)",0.000442362108541296,2
869,588,"(869,588)",0.00044193021038896503,2
683,59,"(683,59)",0.00044176850656315524,2
776,963,"(776,963)",0.00044107964767981205,2
1009,1199,"(1009,1199)",0.00044085508586021356,2
96,1009,"(96,1009)",0.0004404792409803244,2
101,821,"(101,821)",0.0004399842613922057,2
869,589,"(869,589)",0.0004399246128613982,2
145,915,"(145,915)",0.00043947507437835394,2
1055,1197,"(1055,1197)",0.0004393162780736788,2
683,588,"(683,588)",0.00043922590676155745,2
1008,965,"(1008,965)",0.0004392231908344493,2
821,824,"(821,824)",0.00043907334075526483,2
867,1054,"(867,1054)",0.0004378925750872852,2
961,683,"(961,683)",0.00043723072101198995,2
1008,635,"(1008,635)",0.00043644551554383195,2
963,1055,"(963,1055)",0.00043611034274190227,2
913,1009,"(913,1009)",0.0004358510461468197,2
915,1058,"(915,1058)",0.0004343963868654037,2
87,681,"(87,681)",0.00043141216539000724,2
822,59,"(822,59)",0.0004282325319131715,2
777,682,"(777,682)",0.0004282128424784709,2
737,775,"(737,775)",0.00042773764288074124,2
145,145,"(145,145)",0.0004273779213310342,2
683,634,"(683,634)",0.000427094796283721,2
1008,1057,"(1008,1057)",0.0004270664254973581,2
1055,774,"(1055,774)",0.00042698609532474427,2
683,868,"(683,868)",0.0004269743454076285,2
915,824,"(915,824)",0.00042697135198652576,2
962,913,"(962,913)",0.00042631066435849866,2
635,774,"(635,774)",0.00042630551491678736,2
1058,1009,"(1058,1009)",0.00042614214271334344,2
1008,1292,"(1008,1292)",0.000425612582809473,2
729,1009,"(729,1009)",0.0004255720593090627,2
731,823,"(731,823)",0.00042508728736776667,2
727,914,"(727,914)",0.0004242435860316038,2
1056,1012,"(1056,1012)",0.00042387193495462656,2
729,682,"(729,682)",0.0004231145204905582,2
962,1059,"(962,1059)",0.0004231077644034475,2
82,867,"(82,867)",0.00042194360723001186,2
728,867,"(728,867)",0.000421876027348383,2
867,963,"(867,963)",0.0004216831566024119,2
821,913,"(821,913)",0.0004214777926439997,2
823,59,"(823,59)",0.0004213721956252666,2
963,867,"(963,867)",0.0004196849831168373,2
96,914,"(96,914)",0.00041960696305581055,2
785,914,"(785,914)",0.0004191738132349007,2
962,1007,"(962,1007)",0.00041900789443734797,2
727,775,"(727,775)",0.00041898764649298464,2
913,1008,"(913,1008)",0.00041818971127568485,2
73,1056,"(73,1056)",0.00041744969841741317,2
101,822,"(101,822)",0.00041655442247516127,2
777,727,"(777,727)",0.00041647149008082105,2
82,73,"(82,73)",0.00041543106957938963,2
962,1198,"(962,1198)",0.00041518151306026277,2
867,635,"(867,635)",0.0004147624606498149,2
1102,1101,"(1102,1101)",0.0004141128707479806,2
1008,1007,"(1008,1007)",0.0004133855278584633,2
683,914,"(683,914)",0.00041276325687821924,2
634,775,"(634,775)",0.00041220660268387923,2
913,821,"(913,821)",0.0004118437382568289,2
777,684,"(777,684)",0.00041162272157218774,2
82,775,"(82,775)",0.00041108892825957196,2
588,683,"(588,683)",0.0004110195217644706,2
1009,1246,"(1009,1246)",0.0004100479597440177,2
822,1197,"(822,1197)",0.0004077252318331808,2
1056,823,"(1056,823)",0.00040671047942918484,2
962,682,"(962,682)",0.0004055821152742062,2
869,96,"(869,96)",0.0004046853383305213,2
1054,775,"(1054,775)",0.0004042464705136829,2
73,636,"(73,636)",0.00040330394428919435,2
683,962,"(683,962)",0.0004002492934794042,2
961,1197,"(961,1197)",0.0004001107968869532,2
867,1056,"(867,1056)",0.0003996143398055146,2
101,1102,"(101,1102)",0.0003995753578074583,2
1449,868,"(1449,868)",0.0003992615655008006,2
1055,115,"(1055,115)",0.0003984259035864858,2
821,543,"(821,543)",0.0003975595459291038,2
1055,82,"(1055,82)",0.00039750836277510355,2
822,637,"(822,637)",0.00039566366946585714,2
683,916,"(683,916)",0.0003948591101495074,2
823,78,"(823,78)",0.00039484857367516954,2
145,914,"(145,914)",0.0003948383868246362,2
785,962,"(785,962)",0.0003932044403922477,2
777,778,"(777,778)",0.00039274987876884856,2
824,776,"(824,776)",0.00039236930326355256,2
776,634,"(776,634)",0.0003921927162406468,2
824,963,"(824,963)",0.00039198729090133075,2
1059,106,"(1059,106)",0.0003907758267174323,2
962,588,"(962,588)",0.00038996171117336773,2
916,727,"(916,727)",0.00038967216380985205,2
737,635,"(737,635)",0.00038948751774320865,2
145,823,"(145,823)",0.0003893425682922714,2
1055,73,"(1055,73)",0.0003886174194848505,2
681,87,"(681,87)",0.000388141557571931,2
728,101,"(728,101)",0.00038781286640164413,2
634,588,"(634,588)",0.00038750039854074786,2
1008,1012,"(1008,1012)",0.00038748573426153403,2
588,914,"(588,914)",0.0003863128309908473,2
87,824,"(87,824)",0.00038625896075538795,2
1102,73,"(1102,73)",0.0003860328406556151,2
1007,962,"(1007,962)",0.0003855610951840826,2
785,1009,"(785,1009)",0.0003855531548522191,2
1059,1105,"(1059,1105)",0.0003851101450105243,2
1102,821,"(1102,821)",0.00038414936998435926,2
823,115,"(823,115)",0.00038402847637531855,2
737,776,"(737,776)",0.0003821856569503816,2
914,913,"(914,913)",0.0003820573625970894,2
1245,1197,"(1245,1197)",0.0003809254402515801,2
961,729,"(961,729)",0.00038089872751594816,2
1009,1105,"(1009,1105)",0.0003808949871360018,2
1055,1059,"(1055,1059)",0.00038048931228511576,2
635,542,"(635,542)",0.0003790427417036047,2
869,59,"(869,59)",0.00037879818665969076,2
1055,728,"(1055,728)",0.0003786874300433552,2
635,775,"(635,775)",0.00037856278921008903,2
635,727,"(635,727)",0.000377607491258771,2
727,727,"(727,727)",0.00037727718715926934,2
915,1198,"(915,1198)",0.0003767420764547646,2
681,963,"(681,963)",0.00037634957677830133,2
1009,635,"(1009,635)",0.00037381339730979825,2
683,727,"(683,727)",0.00037366705935142953,2
869,637,"(869,637)",0.00037346296105671004,2
822,913,"(822,913)",0.0003731807924597355,2
774,101,"(774,101)",0.00037315270920276853,2
1008,1198,"(1008,1198)",0.00037303862065743703,2
822,684,"(822,684)",0.00037273750323890594,2
1009,1013,"(1009,1013)",0.00037244697535283286,2
824,821,"(824,821)",0.00037179838520903444,2
683,1009,"(683,1009)",0.00037109926131416107,2
822,1059,"(822,1059)",0.0003708775133621427,2
1009,824,"(1009,824)",0.0003695996011814551,2
961,913,"(961,913)",0.00036959803571487594,2
683,637,"(683,637)",0.00036904436030074607,2
101,1101,"(101,1101)",0.00036697522193774966,2
868,1197,"(868,1197)",0.000366779416779239,2
962,1292,"(962,1292)",0.00036665521687032776,2
683,961,"(683,961)",0.0003662820321086507,2
727,635,"(727,635)",0.00036554578873362816,2
1007,821,"(1007,821)",0.00036542014386200747,2
73,778,"(73,778)",0.00036371192256518507,2
1007,868,"(1007,868)",0.0003623219688931482,2
1197,1198,"(1197,1198)",0.00036198127667237846,2
731,776,"(731,776)",0.0003613189975707985,2
823,918,"(823,918)",0.0003608285714503244,2
918,918,"(918,918)",0.0003605542686738038,2
588,777,"(588,777)",0.0003597108500924538,2
73,82,"(73,82)",0.0003595650644525245,2
737,1054,"(737,1054)",0.00035921944130922514,2
824,728,"(824,728)",0.0003577356418852657,2
588,542,"(588,542)",0.00035764303658988796,2
962,824,"(962,824)",0.00035719008807774856,2
913,868,"(913,868)",0.0003563644877216069,2
963,1101,"(963,1101)",0.0003556200342269339,2
682,777,"(682,777)",0.00035558816603657847,2
729,731,"(729,731)",0.0003553376553219045,2
737,824,"(737,824)",0.00035497278403864423,2
637,73,"(637,73)",0.00035458035820855186,2
916,635,"(916,635)",0.00035441798985621543,2
785,963,"(785,963)",0.00035412027941875536,2
1007,869,"(1007,869)",0.0003540812356915313,2
962,1245,"(962,1245)",0.0003535230531849435,2
962,1058,"(962,1058)",0.00035339865763465793,2
1245,1245,"(1245,1245)",0.00035307286096580924,2
1101,87,"(1101,87)",0.00035239739971192215,2
1008,913,"(1008,913)",0.0003515521414969506,2
1197,115,"(1197,115)",0.00035138610110662294,2
776,867,"(776,867)",0.00035098350370378297,2
683,87,"(683,87)",0.0003499053017807746,2
101,777,"(101,777)",0.00034970331240265825,2
1009,965,"(1009,965)",0.0003496203302208718,2
1009,1106,"(1009,1106)",0.00034960113175107094,2
635,682,"(635,682)",0.00034954266589223366,2
962,729,"(962,729)",0.00034951680087435866,2
635,777,"(635,777)",0.0003494723249319624,2
145,1009,"(145,1009)",0.0003493541650020078,2
824,822,"(824,822)",0.00034774396355560875,2
824,869,"(824,869)",0.00034718079000899203,2
823,589,"(823,589)",0.0003470448188300587,2
1008,729,"(1008,729)",0.00034607768382448133,2
82,777,"(82,777)",0.00034599099709532635,2
59,589,"(59,589)",0.000345423335585209,2
1059,1008,"(1059,1008)",0.00034508893320181526,2
1008,106,"(1008,106)",0.0003443332512769797,2
868,115,"(868,115)",0.00034346627736832027,2
87,82,"(87,82)",0.00034318481420776015,2
59,73,"(59,73)",0.0003427673010434602,2
1009,729,"(1009,729)",0.0003426856474008323,2
1102,823,"(1102,823)",0.00034267498787277035,2
785,774,"(785,774)",0.00034264149287893924,2
914,682,"(914,682)",0.0003421862625285364,2
1059,1107,"(1059,1107)",0.0003418781757963856,2
588,682,"(588,682)",0.0003417285766178721,2
963,1102,"(963,1102)",0.0003416708197103474,2
96,961,"(96,961)",0.0003414120189032178,2
868,1292,"(868,1292)",0.00034100852596489567,2
1009,1198,"(1009,1198)",0.00034080990596352796,2
682,776,"(682,776)",0.00033996852749978323,2
1402,915,"(1402,915)",0.000339145690655626,2
729,727,"(729,727)",0.00033872603137987957,2
145,73,"(145,73)",0.0003383762871245749,2
737,1059,"(737,1059)",0.0003379148230114494,2
82,823,"(82,823)",0.0003376500040175589,2
588,823,"(588,823)",0.00033754803081752547,2
914,1197,"(914,1197)",0.00033749080467544885,2
1197,1246,"(1197,1246)",0.0003370706665812209,2
776,1054,"(776,1054)",0.0003363860299969838,2
822,778,"(822,778)",0.00033630042203741455,2
774,682,"(774,682)",0.00033588266913511344,2
96,962,"(96,962)",0.00033570586323244164,2
869,1059,"(869,1059)",0.0003351992821831396,2
145,961,"(145,961)",0.00033492113607319667,2
962,1199,"(962,1199)",0.00033428914431251635,2
785,1101,"(785,1101)",0.0003334124198448656,2
87,1056,"(87,1056)",0.0003330916592016174,2
1197,1009,"(1197,1009)",0.0003309589228855621,2
728,824,"(728,824)",0.0003305652198014781,2
785,87,"(785,87)",0.00032982071748851953,2
867,1055,"(867,1055)",0.0003292473807682205,2
681,1008,"(681,1008)",0.0003291653824324407,2
1059,1108,"(1059,1108)",0.00032890689435836554,2
1449,915,"(1449,915)",0.00032841134899871396,2
737,731,"(737,731)",0.00032819391606770667,2
961,1058,"(961,1058)",0.00032782070740470165,2
867,96,"(867,96)",0.0003271866332029285,2
588,822,"(588,822)",0.00032651530204808927,2
73,867,"(73,867)",0.00032418720313506,2
737,101,"(737,101)",0.000324117081972473,2
87,774,"(87,774)",0.0003237106402263652,2
785,683,"(785,683)",0.0003228390310219203,2
634,727,"(634,727)",0.00032257429591811424,2
821,1007,"(821,1007)",0.0003216608890660592,2
87,867,"(87,867)",0.0003211832203382809,2
1054,727,"(1054,727)",0.00032109555233507853,2
727,961,"(727,961)",0.0003209847954906016,2
962,634,"(962,634)",0.0003206796903830448,2
73,638,"(73,638)",0.00032037333087185703,2
774,1054,"(774,1054)",0.0003200822496188604,2
1449,1449,"(1449,1449)",0.0003191944927926399,2
777,59,"(777,59)",0.0003181213947969412,2
87,1101,"(87,1101)",0.0003180422209782078,2
869,918,"(869,918)",0.00031752482021890264,2
737,1055,"(737,1055)",0.0003173714720802175,2
82,727,"(82,727)",0.00031707348330468525,2
728,1055,"(728,1055)",0.00031693123539634847,2
589,588,"(589,588)",0.0003168196766985128,2
867,87,"(867,87)",0.0003164846168055251,2
728,59,"(728,59)",0.0003156292032227356,2
1012,1059,"(1012,1059)",0.00031500968996065707,2
776,778,"(776,778)",0.0003147965445676775,2
1008,634,"(1008,634)",0.0003147420959147551,2
727,634,"(727,634)",0.0003141641798602152,2
784,869,"(784,869)",0.00031247934211626305,2
961,682,"(961,682)",0.00031237664441687436,2
728,355,"(728,355)",0.0003119535478415112,2
1008,1199,"(1008,1199)",0.00031184750040508615,2
777,867,"(777,867)",0.00031158885075769445,2
821,59,"(821,59)",0.0003106791670336352,2
916,1057,"(916,1057)",0.0003100168490668748,2
729,634,"(729,634)",0.00030967830121858553,2
961,1292,"(961,1292)",0.0003094792143577753,2
824,1009,"(824,1009)",0.0003092362760074659,2
96,868,"(96,868)",0.00030879248361045486,2
914,731,"(914,731)",0.00030871198122297015,2
869,778,"(869,778)",0.0003085202722273489,2
824,962,"(824,962)",0.00030813594678224014,2
1403,868,"(1403,868)",0.0003080188897862042,2
914,115,"(914,115)",0.00030770361233810816,2
737,1056,"(737,1056)",0.0003074197913454735,2
775,1102,"(775,1102)",0.00030708362638620076,2
868,918,"(868,918)",0.0003069056218739316,2
821,637,"(821,637)",0.00030685777654140546,2
145,1059,"(145,1059)",0.0003064063241660056,2
867,634,"(867,634)",0.0003061878531199616,2
588,727,"(588,727)",0.0003060871615385298,2
542,588,"(542,588)",0.00030605779605884264,2
961,1245,"(961,1245)",0.00030556879585999665,2
869,1007,"(869,1007)",0.00030544863937433494,2
868,637,"(868,637)",0.0003052722087055457,2
1101,775,"(1101,775)",0.00030515596207202696,2
635,59,"(635,59)",0.0003046962101223566,2
588,868,"(588,868)",0.0003029330157822066,2
821,355,"(821,355)",0.0003028569109758505,2
87,1055,"(87,1055)",0.00030245009383512533,2
963,728,"(963,728)",0.00030242192964583697,2
101,87,"(101,87)",0.0003018778892668131,2
731,683,"(731,683)",0.0003017500501674218,2
785,681,"(785,681)",0.00030086360740339604,2
963,1054,"(963,1054)",0.00030026792915845347,2
145,916,"(145,916)",0.00030010906316854533,2
823,1197,"(823,1197)",0.00029964546355410913,2
1012,1058,"(1012,1058)",0.0002995799040252276,2
777,1056,"(777,1056)",0.00029957134840717767,2
821,115,"(821,115)",0.0002990835956722369,2
784,822,"(784,822)",0.0002990198707064419,2
115,1059,"(115,1059)",0.00029893136711295543,2
1008,588,"(1008,588)",0.0002988285285355769,2
868,913,"(868,913)",0.0002984939527663735,2
785,1008,"(785,1008)",0.00029835349885670037,2
869,684,"(869,684)",0.0002979568900613171,2
737,588,"(737,588)",0.00029791642350121095,2
1101,96,"(1101,96)",0.0002978014323612035,2
1054,776,"(1054,776)",0.00029691826324171946,2
737,1197,"(737,1197)",0.00029690225924268703,2
775,59,"(775,59)",0.00029687069551464503,2
635,637,"(635,637)",0.00029662057164042054,2
145,962,"(145,962)",0.00029640354865587696,2
867,776,"(867,776)",0.00029633781604509785,2
914,588,"(914,588)",0.00029626803958274466,2
823,779,"(823,779)",0.0002956327948921503,2
822,1007,"(822,1007)",0.0002956066373215848,2
145,775,"(145,775)",0.0002949729166624172,2
737,727,"(737,727)",0.0002947849502974345,2
824,731,"(824,731)",0.00029471394143884924,2
775,637,"(775,637)",0.000294688011080117,2
1402,868,"(1402,868)",0.000294356774968151,2
785,775,"(785,775)",0.00029394125306352666,2
1101,728,"(1101,728)",0.0002936693656811112,2
115,1009,"(115,1009)",0.0002932198243559885,2
145,1101,"(145,1101)",0.00029293629230445824,2
963,775,"(963,775)",0.0002928831333229239,2
1059,1197,"(1059,1197)",0.000292640212003535,2
823,826,"(823,826)",0.0002922360332309394,2
1008,1013,"(1008,1013)",0.0002920251206762017,2
869,78,"(869,78)",0.0002913642044413506,2
962,1012,"(962,1012)",0.0002905462154716848,2
775,1056,"(775,1056)",0.000290458287299274,2
1007,1102,"(1007,1102)",0.00029016872158121496,2
777,588,"(777,588)",0.0002897916647926643,2
1101,867,"(1101,867)",0.00028973407132863943,2
869,1058,"(869,1058)",0.0002893516624961081,2
635,823,"(635,823)",0.0002891073368521953,2
729,774,"(729,774)",0.00028900823176422597,2
916,96,"(916,96)",0.00028832350684910056,2
915,918,"(915,918)",0.0002880725685421145,2
914,1245,"(914,1245)",0.00028803089634714206,2
915,965,"(915,965)",0.00028686971360488014,2
683,774,"(683,774)",0.00028645800592642977,2
681,867,"(681,867)",0.0002858453601244375,2
1055,867,"(1055,867)",0.00028495247782837083,2
824,916,"(824,916)",0.000284627122074044,2
774,1101,"(774,1101)",0.00028391868188122605,2
1245,1059,"(1245,1059)",0.000283787199436041,2
589,589,"(589,589)",0.00028298422173069865,2
1055,775,"(1055,775)",0.0002826815266339822,2
1449,916,"(1449,916)",0.00028264158243015216,2
821,496,"(821,496)",0.0002822261423820009,2
915,106,"(915,106)",0.00028211536421055,2
962,1246,"(962,1246)",0.0002817544592600469,2
961,634,"(961,634)",0.0002816779705722345,2
776,101,"(776,101)",0.00028140667469709945,2
729,916,"(729,916)",0.00028136604427050384,2
824,681,"(824,681)",0.00028107336167890613,2
1054,1197,"(1054,1197)",0.00028070598975107354,2
588,495,"(588,495)",0.00028040143322331264,2
914,729,"(914,729)",0.00028005949550559487,2
776,82,"(776,82)",0.00027905291923934546,2
1055,681,"(1055,681)",0.00027901663888698773,2
1101,681,"(1101,681)",0.000278869372593417,2
777,82,"(777,82)",0.00027863756131310075,2
776,824,"(776,824)",0.00027830564117660054,2
1197,1197,"(1197,1197)",0.0002782656941598425,2
775,355,"(775,355)",0.00027797665386669677,2
1007,916,"(1007,916)",0.0002777483588669015,2
823,636,"(823,636)",0.00027746152307196677,2
737,683,"(737,683)",0.0002766288095173491,2
145,728,"(145,728)",0.00027552426443494657,2
1008,731,"(1008,731)",0.0002753343384055378,2
727,777,"(727,777)",0.0002751782374097541,2
868,1058,"(868,1058)",0.00027509656118740493,2
101,1054,"(101,1054)",0.00027438967339746994,2
868,542,"(868,542)",0.00027371477258802973,2
869,913,"(869,913)",0.00027361816682612496,2
777,1101,"(777,1101)",0.00027315974854532135,2
1059,961,"(1059,961)",0.00027309328000113905,2
681,82,"(681,82)",0.00027304699855340857,2
588,776,"(588,776)",0.0002723888828953394,2
681,355,"(681,355)",0.0002723786598809691,2
868,1245,"(868,1245)",0.0002719041159240477,2
869,827,"(869,827)",0.0002716094887052379,2
682,821,"(682,821)",0.0002715850452131607,2
1008,1103,"(1008,1103)",0.00027154525633332207,2
824,775,"(824,775)",0.00027143614525913036,2
775,636,"(775,636)",0.0002713926918709591,2
73,1055,"(73,1055)",0.0002713378946569602,2
1449,1009,"(1449,1009)",0.0002712606689229897,2
681,59,"(681,59)",0.00027086797399906244,2
728,495,"(728,495)",0.0002703467363909859,2
683,589,"(683,589)",0.0002703363786750447,2
145,681,"(145,681)",0.0002701283236574156,2
731,962,"(731,962)",0.00026910786363821214,2
683,684,"(683,684)",0.00026904260183403464,2
869,1292,"(869,1292)",0.0002688897004167375,2
635,543,"(635,543)",0.0002686861188449501,2
1402,916,"(1402,916)",0.0002686122607561957,2
101,73,"(101,73)",0.00026832164619450244,2
1056,1057,"(1056,1057)",0.0002679093945482278,2
776,1055,"(776,1055)",0.0002676989592381092,2
1054,87,"(1054,87)",0.0002675839363217247,2
681,543,"(681,543)",0.0002675197594805048,2
913,915,"(913,915)",0.0002674247360425437,2
1102,87,"(1102,87)",0.00026690741514936853,2
1009,913,"(1009,913)",0.00026651851354341047,2
1058,1056,"(1058,1056)",0.00026647999221090233,2
821,684,"(821,684)",0.0002652257652090692,2
96,915,"(96,915)",0.0002650852491744908,2
588,543,"(588,543)",0.000264704769551206,2
1197,1199,"(1197,1199)",0.0002645933698088975,2
727,822,"(727,822)",0.0002643875062499596,2
823,965,"(823,965)",0.0002642802974566371,2
1056,73,"(1056,73)",0.0002639440225270616,2
1055,87,"(1055,87)",0.00026392357156025247,2
727,1009,"(727,1009)",0.00026361773550701804,2
823,827,"(823,827)",0.0002634759855430528,2
727,868,"(727,868)",0.0002629662855954862,2
1449,914,"(1449,914)",0.00026290633732009827,2
822,543,"(822,543)",0.00026278892744429505,2
914,355,"(914,355)",0.0002627299938772519,2
682,823,"(682,823)",0.00026158369094085127,2
635,869,"(635,869)",0.00026138560668828814,2
776,59,"(776,59)",0.00026111463651747263,2
1008,12,"(1008,12)",0.0002607306373389299,2
637,777,"(637,777)",0.0002607233739518481,2
868,543,"(868,543)",0.0002606551977900033,2
635,961,"(635,961)",0.00025993998102757763,2
822,1292,"(822,1292)",0.0002587875582714493,2
729,87,"(729,87)",0.0002586433449870091,2
1055,1198,"(1055,1198)",0.0002582944584522851,2
785,727,"(785,727)",0.00025757093564063603,2
869,1245,"(869,1245)",0.00025731610303653135,2
682,731,"(682,731)",0.0002569700682338815,2
737,634,"(737,634)",0.0002568965024295513,2
868,684,"(868,684)",0.0002566151465728664,2
1008,682,"(1008,682)",0.0002563848854832145,2
868,1057,"(868,1057)",0.00025632303668745817,2
963,774,"(963,774)",0.00025607855822343755,2
737,1102,"(737,1102)",0.0002560703725385191,2
635,495,"(635,495)",0.00025593306794960435,2
635,636,"(635,636)",0.00025589766020209253,2
1059,101,"(1059,101)",0.0002556971482228214,2
868,78,"(868,78)",0.0002555131055677485,2
776,637,"(776,637)",0.0002554479651074635,2
1449,962,"(1449,962)",0.00025474865870738313,2
869,543,"(869,543)",0.0002543330509673717,2
915,637,"(915,637)",0.0002541245366921333,2
822,1058,"(822,1058)",0.00025374835033885443,2
681,495,"(681,495)",0.0002536655300153749,2
731,1009,"(731,1009)",0.00025306932692251464,2
823,543,"(823,543)",0.00025292923457643693,2
777,1054,"(777,1054)",0.00025284979363361936,2
588,869,"(588,869)",0.0002527813941998634,2
1403,915,"(1403,915)",0.00025105334232075594,2
776,1056,"(776,1056)",0.0002507486522129802,2
1059,1245,"(1059,1245)",0.00025047687117651777,2
737,1198,"(737,1198)",0.0002504134615029005,2
821,1059,"(821,1059)",0.000250015566733386,2
913,869,"(913,869)",0.00024968237563630465,2
774,729,"(774,729)",0.00024913414178791976,2
1012,965,"(1012,965)",0.0002488499617151139,2
776,1101,"(776,1101)",0.0002487423952247472,2
775,684,"(775,684)",0.0002485405434142358,2
913,962,"(913,962)",0.0002483588211830591,2
731,728,"(731,728)",0.0002481509782252018,2
82,963,"(82,963)",0.00024751193312023777,2
1449,73,"(1449,73)",0.0002472715312323259,2
737,589,"(737,589)",0.00024726639548388967,2
1197,1059,"(1197,1059)",0.00024722538284968404,2
775,542,"(775,542)",0.0002472057750248206,2
101,867,"(101,867)",0.0002471349508634877,2
101,1059,"(101,1059)",0.0002456075987940698,2
822,1057,"(822,1057)",0.00024553454199753637,2
727,776,"(727,776)",0.0002450774439832778,2
823,96,"(823,96)",0.0002449955222401527,2
961,1059,"(961,1059)",0.00024495239719308126,2
87,727,"(87,727)",0.0002444358860751607,2
1055,1058,"(1055,1058)",0.00024432778170710846,2
588,1009,"(588,1009)",0.00024404022782716667,2
915,1012,"(915,1012)",0.00024372975721345653,2
1056,777,"(1056,777)",0.00024345979247504182,2
774,589,"(774,589)",0.00024319677434695878,2
635,914,"(635,914)",0.0002431189381842966,2
822,636,"(822,636)",0.00024221408298232905,2
869,965,"(869,965)",0.0002413007263850826,2
1102,1102,"(1102,1102)",0.00024130046581779998,2
784,821,"(784,821)",0.00024124644795301404,2
1056,1105,"(1056,1105)",0.00024119475644233577,2
822,78,"(822,78)",0.00024093490282797188,2
821,495,"(821,495)",0.00024093011562522336,2
868,355,"(868,355)",0.00024086427432636046,2
823,1059,"(823,1059)",0.00024080536782912428,2
73,1054,"(73,1054)",0.00024046874943268142,2
1054,1059,"(1054,1059)",0.00024040332094052557,2
965,1059,"(965,1059)",0.0002386461753798591,2
868,778,"(868,778)",0.0002385154284783527,2
1197,1243,"(1197,1243)",0.00023851446964628687,2
589,635,"(589,635)",0.00023850200011768218,2
1245,1199,"(1245,1199)",0.00023832423568253037,2
637,637,"(637,637)",0.00023751582848945336,2
915,1246,"(915,1246)",0.00023721918598191313,2
727,962,"(727,962)",0.00023675583959797004,2
1449,823,"(1449,823)",0.00023673542981848014,2
145,1008,"(145,1008)",0.00023672812519417885,2
961,1199,"(961,1199)",0.00023632786561476733,2
821,1197,"(821,1197)",0.00023621728729405166,2
1402,914,"(1402,914)",0.00023610701847695325,2
963,1057,"(963,1057)",0.000236003601492064,2
115,1197,"(115,1197)",0.0002359068226090938,2
87,635,"(87,635)",0.00023541648645569702,2
822,965,"(822,965)",0.00023533451344321022,2
916,1059,"(916,1059)",0.00023526752007062542,2
1009,12,"(1009,12)",0.00023517884850819112,2
916,634,"(916,634)",0.00023514224206812954,2
681,449,"(681,449)",0.00023505333100187623,2
145,777,"(145,777)",0.00023430937266063007,2
961,731,"(961,731)",0.00023424541203505536,2
784,777,"(784,777)",0.00023412315101256455,2
915,1245,"(915,1245)",0.00023398182346564641,2
73,1102,"(73,1102)",0.00023393591547383116,2
963,776,"(963,776)",0.00023361479132768645,2
1055,96,"(1055,96)",0.00023361091764324346,2
1056,106,"(1056,106)",0.00023354272989225793,2
101,1058,"(101,1058)",0.00023342986342541214,2
634,682,"(634,682)",0.00023341060519053538,2
681,496,"(681,496)",0.00023333976892221837,2
1101,1197,"(1101,1197)",0.00023333326492766212,2
777,589,"(777,589)",0.00023316871878657333,2
635,1009,"(635,1009)",0.00023307161361217608,2
87,1054,"(87,1054)",0.00023289510481270994,2
1058,1012,"(1058,1012)",0.00023275936533148146,2
915,355,"(915,355)",0.00023275725143314364,2
115,115,"(115,115)",0.0002327149204273126,2
915,1199,"(915,1199)",0.00023239465107122823,2
1103,1059,"(1103,1059)",0.00023197583493109647,2
784,73,"(784,73)",0.0002315172684946899,2
1009,918,"(1009,918)",0.00023142156789174225,2
785,731,"(785,731)",0.0002313568099651991,2
1198,1197,"(1198,1197)",0.00023127776443228356,2
914,1057,"(914,1057)",0.00023107200273513506,2
87,1102,"(87,1102)",0.0002308791878296321,2
1058,1059,"(1058,1059)",0.00023073086803760475,2
869,1103,"(869,1103)",0.00023071256697551165,2
1198,1245,"(1198,1245)",0.0002300940947899428,2
681,542,"(681,542)",0.00022979716498650063,2
635,915,"(635,915)",0.0002295424775857643,2
868,1013,"(868,1013)",0.00022897049980559987,2
913,914,"(913,914)",0.00022876080593219606,2
867,683,"(867,683)",0.00022866035590276824,2
634,823,"(634,823)",0.00022855192502102493,2
963,731,"(963,731)",0.00022845691919041997,2
913,1054,"(913,1054)",0.00022817714281384095,2
588,637,"(588,637)",0.00022783581402012297,2
1009,1103,"(1009,1103)",0.00022741231325026115,2
868,965,"(868,965)",0.0002273803347995345,2
1007,96,"(1007,96)",0.0002271034804717707,2
1054,913,"(1054,913)",0.00022697347841221576,2
916,1197,"(916,1197)",0.0002268786734250804,2
729,1008,"(729,1008)",0.00022671442810272695,2
82,101,"(82,101)",0.0002266036771020927,2
737,918,"(737,918)",0.00022607878090382245,2
634,589,"(634,589)",0.00022582106601580978,2
541,681,"(541,681)",0.0002257730032817045,2
96,1054,"(96,1054)",0.00022518531258271054,2
729,588,"(729,588)",0.0002251649535632809,2
823,871,"(823,871)",0.00022512037663365952,2
1403,1008,"(1403,1008)",0.00022506799132347583,2
784,915,"(784,915)",0.00022489254042434818,2
727,915,"(727,915)",0.000224743127766154,2
915,543,"(915,543)",0.0002246763939115456,2
1056,115,"(1056,115)",0.00022423239868547013,2
589,681,"(589,681)",0.00022418043537474674,2
737,1245,"(737,1245)",0.00022407051570191492,2
1403,961,"(1403,961)",0.000223922289485267,2
1055,1245,"(1055,1245)",0.00022372702922190043,2
961,1012,"(961,1012)",0.00022327988751382933,2
777,634,"(777,634)",0.0002230661144651445,2
73,1101,"(73,1101)",0.00022249606727544875,2
1054,1198,"(1054,1198)",0.0002223887329525861,2
1008,1246,"(1008,1246)",0.0002221500020390093,2
869,1196,"(869,1196)",0.00022198206707293422,2
962,918,"(962,918)",0.00022157748730521653,2
588,636,"(588,636)",0.0002213102105995523,2
1402,961,"(1402,961)",0.00022120725759237957,2
774,1056,"(774,1056)",0.0002208544193873696,2
778,73,"(778,73)",0.0002208422730654337,2
775,778,"(775,778)",0.0002198240803873198,2
82,1055,"(82,1055)",0.00021966222897037377,2
1054,115,"(1054,115)",0.00021963813228445553,2
636,683,"(636,683)",0.00021926719385588765,2
1007,774,"(1007,774)",0.0002191701528610806,2
87,729,"(87,729)",0.0002185191544139503,2
1009,682,"(1009,682)",0.00021803632796999416,2
914,1059,"(914,1059)",0.00021795191328461279,2
728,636,"(728,636)",0.00021770835253990975,2
1007,867,"(1007,867)",0.00021753472577616976,2
737,78,"(737,78)",0.0002169831131576056,2
823,917,"(823,917)",0.00021692496862611303,2
915,59,"(915,59)",0.00021663623719230774,2
824,914,"(824,914)",0.00021624638682366028,2
824,824,"(824,824)",0.00021623543638204536,2
737,106,"(737,106)",0.00021613555270363628,2
1008,1243,"(1008,1243)",0.00021605166341807943,2
1449,728,"(1449,728)",0.0002160466697501446,2
916,918,"(916,918)",0.00021574203154116025,2
737,115,"(737,115)",0.0002156713497163323,2
1007,963,"(1007,963)",0.00021534847158672605,2
1009,634,"(1009,634)",0.0002153431104472708,2
823,1292,"(823,1292)",0.0002153326992825496,2
785,1055,"(785,1055)",0.0002152190628900623,2
684,916,"(684,916)",0.00021514450555175412,2
1056,728,"(1056,728)",0.00021491680412922005,2
868,1198,"(868,1198)",0.00021471009553577413,2
962,589,"(962,589)",0.00021402272500083304,2
727,682,"(727,682)",0.0002135122418484257,2
1449,1101,"(1449,1101)",0.0002134180921362603,2
1449,775,"(1449,775)",0.0002133179235173171,2
822,779,"(822,779)",0.0002131392408630166,2
869,636,"(869,636)",0.00021313463890460695,2
1056,774,"(1056,774)",0.00021301365835452851,2
823,1012,"(823,1012)",0.00021295545795740352,2
916,115,"(916,115)",0.00021274272556592524,2
727,823,"(727,823)",0.00021273984036663957,2
868,1007,"(868,1007)",0.00021241434846541103,2
1102,822,"(1102,822)",0.00021236498467767448,2
634,683,"(634,683)",0.0002123628869997544,2
1197,1196,"(1197,1196)",0.00021225720584947536,2
776,684,"(776,684)",0.0002122507786704204,2
737,82,"(737,82)",0.00021224269295970206,2
822,355,"(822,355)",0.00021216957774009877,2
963,681,"(963,681)",0.00021214901992358274,2
728,637,"(728,637)",0.00021177076652187835,2
785,101,"(785,101)",0.0002117226121930501,2
145,683,"(145,683)",0.00021168093539466015,2
1008,1244,"(1008,1244)",0.00021162929043354875,2
867,913,"(867,913)",0.0002115309457005744,2
822,872,"(822,872)",0.00021147349923733076,2
775,115,"(775,115)",0.00021131705489281995,2
634,774,"(634,774)",0.00021096579097800748,2
916,729,"(916,729)",0.0002107404906791143,2
776,636,"(776,636)",0.0002103384044629788,2
775,827,"(775,827)",0.0002103252257903966,2
1008,1105,"(1008,1105)",0.00021016609002136893,2
682,682,"(682,682)",0.00021003048134393663,2
588,449,"(588,449)",0.00020999657189337023,2
729,59,"(729,59)",0.00020963169379834177,2
821,1292,"(821,1292)",0.00020912139101224672,2
635,868,"(635,868)",0.0002089382696383097,2
823,1058,"(823,1058)",0.00020888504499054259,2
822,827,"(822,827)",0.00020878128669598453,2
115,961,"(115,961)",0.00020853337553575308,2
635,822,"(635,822)",0.00020842952773317467,2
869,1012,"(869,1012)",0.00020815565187506043,2
961,1057,"(961,1057)",0.00020812455283257108,2
868,59,"(868,59)",0.0002080945817743486,2
869,921,"(869,921)",0.00020800029240453623,2
774,96,"(774,96)",0.00020799831975951475,2
915,1103,"(915,1103)",0.00020796531231258362,2
96,821,"(96,821)",0.0002076489026880831,2
963,824,"(963,824)",0.00020717051732067643,2
774,1102,"(774,1102)",0.0002060270767391073,2
1101,1059,"(1101,1059)",0.00020590575949912054,2
1009,1244,"(1009,1244)",0.0002057638100219772,2
913,916,"(913,916)",0.0002054394818372315,2
867,1102,"(867,1102)",0.00020543391202264982,2
1007,1055,"(1007,1055)",0.00020540777049565454,2
731,681,"(731,681)",0.00020526361831117964,2
728,1056,"(728,1056)",0.00020521547200292992,2
1058,1058,"(1058,1058)",0.00020512688184594655,2
1012,1012,"(1012,1012)",0.00020501636060805164,2
869,871,"(869,871)",0.0002049364999360777,2
588,961,"(588,961)",0.00020482797983384932,2
1245,1198,"(1245,1198)",0.00020466825935887072,2
1055,776,"(1055,776)",0.0002046391322746444,2
785,776,"(785,776)",0.000204634499671349,2
1101,1007,"(1101,1007)",0.00020411605233801704,2
727,588,"(727,588)",0.00020406994148854582,2
1402,823,"(1402,823)",0.00020343003965838424,2
1101,115,"(1101,115)",0.00020342203170961226,2
775,96,"(775,96)",0.00020323918918637365,2
914,824,"(914,824)",0.00020309407860612426,2
916,1245,"(916,1245)",0.00020266690714571036,2
914,589,"(914,589)",0.00020232239020397905,2
737,867,"(737,867)",0.000202270251510864,2
822,1245,"(822,1245)",0.00020212371109265214,2
634,822,"(634,822)",0.00020164814866975328,2
1245,1009,"(1245,1009)",0.00020157927352838702,2
913,822,"(913,822)",0.00020135085989563158,2
683,963,"(683,963)",0.0002011864023313969,2
588,916,"(588,916)",0.00020097792958828587,2
962,1103,"(962,1103)",0.00020096456465367458,2
1055,1012,"(1055,1012)",0.00020079864921451713,2
1009,1292,"(1009,1292)",0.00020055286355709172,2
914,1103,"(914,1103)",0.00020031097578763728,2
821,262,"(821,262)",0.00020025160776565673,2
1055,1057,"(1055,1057)",0.0002000594924217542,2
915,1292,"(915,1292)",0.0001998249388828177,2
1449,1008,"(1449,1008)",0.0001996933153679859,2
867,1197,"(867,1197)",0.00019963604294606142,2
869,1199,"(869,1199)",0.00019963241634430605,2
962,1243,"(962,1243)",0.00019961819183553868,2
822,1198,"(822,1198)",0.00019947266610737457,2
731,916,"(731,916)",0.00019932269536366139,2
1054,1292,"(1054,1292)",0.00019920174054659812,2
961,1198,"(961,1198)",0.00019871498663879083,2
1056,82,"(1056,82)",0.00019857563650567257,2
634,777,"(634,777)",0.0001983047193844616,2
1059,1155,"(1059,1155)",0.0001979853415952529,2
729,589,"(729,589)",0.00019792619222438218,2
823,913,"(823,913)",0.0001977919054292625,2
588,962,"(588,962)",0.0001977096173441297,2
1403,728,"(1403,728)",0.00019748423040124696,2
1054,1007,"(1054,1007)",0.0001974447387109216,2
589,59,"(589,59)",0.00019722731837705542,2
914,1292,"(914,1292)",0.00019714181766048325,2
962,965,"(962,965)",0.00019700877328255345,2
728,1054,"(728,1054)",0.00019696319489875298,2
868,1243,"(868,1243)",0.00019689210651999028,2
915,1105,"(915,1105)",0.0001968828452101759,2
1007,777,"(1007,777)",0.00019672907824775773,2
1009,1196,"(1009,1196)",0.00019663156994078666,2
682,634,"(682,634)",0.0001966056730123348,2
785,634,"(785,634)",0.00019659467146835357,2
589,821,"(589,821)",0.00019627039477677877,2
823,921,"(823,921)",0.00019614109425889758,2
1008,1152,"(1008,1152)",0.00019596707028301472,2
821,1245,"(821,1245)",0.0001958820828599577,2
145,1197,"(145,1197)",0.0001958088169425791,2
636,635,"(636,635)",0.00019568050833981856,2
868,827,"(868,827)",0.00019542298564528672,2
1102,867,"(1102,867)",0.00019530372262394148,2
681,448,"(681,448)",0.00019511337552733483,2
1007,82,"(1007,82)",0.00019508049217179847,2
1056,965,"(1056,965)",0.00019507632073491148,2
1008,1151,"(1008,1151)",0.00019500588418411787,2
728,542,"(728,542)",0.00019490231321716447,2
774,1055,"(774,1055)",0.00019457110755525923,2
1245,1292,"(1245,1292)",0.00019420910474542532,2
635,776,"(635,776)",0.00019397137048079877,2
867,588,"(867,588)",0.00019300639990380776,2
1056,1013,"(1056,1013)",0.0001929431216494219,2
101,1057,"(101,1057)",0.00019275613432496154,2
777,1102,"(777,1102)",0.00019246149337012524,2
1007,681,"(1007,681)",0.00019237804952429332,2
737,826,"(737,826)",0.00019220299157475954,2
822,871,"(822,871)",0.00019190883144943815,2
1197,961,"(1197,961)",0.0001917437215233877,2
785,635,"(785,635)",0.0001916474388508168,2
777,636,"(777,636)",0.00019140166947789438,2
145,87,"(145,87)",0.00019137871066293922,2
637,683,"(637,683)",0.00019131103847674037,2
106,1059,"(106,1059)",0.00019117796872958733,2
962,1196,"(962,1196)",0.00019114824305937526,2
737,1058,"(737,1058)",0.00019112567113129444,2
915,12,"(915,12)",0.00019084528682051242,2
731,961,"(731,961)",0.00019056666485738497,2
915,778,"(915,778)",0.0001904315186677325,2
961,588,"(961,588)",0.00019006653891353177,2
1007,727,"(1007,727)",0.0001899837811147707,2
1054,683,"(1054,683)",0.00018953725927214963,2
785,1197,"(785,1197)",0.0001889257238743029,2
823,1245,"(823,1245)",0.00018891071471714225,2
683,636,"(683,636)",0.0001880723155863396,2
777,638,"(777,638)",0.00018800829829474031,2
1245,1339,"(1245,1339)",0.000187945432188521,2
1198,1056,"(1198,1056)",0.00018781443001196767,2
145,774,"(145,774)",0.00018762878216774375,2
1009,1151,"(1009,1151)",0.00018695861429894803,2
1449,777,"(1449,777)",0.0001869532257622677,2
728,543,"(728,543)",0.00018691806398090182,2
87,778,"(87,778)",0.00018690629327446429,2
588,541,"(588,541)",0.00018690216800606237,2
683,1008,"(683,1008)",0.0001866644703884664,2
145,1102,"(145,1102)",0.00018661358552810636,2
1245,1294,"(1245,1294)",0.00018634332087346043,2
1008,589,"(1008,589)",0.00018584457304206584,2
821,1058,"(821,1058)",0.0001857532773448629,2
868,921,"(868,921)",0.000185641949247835,2
821,542,"(821,542)",0.00018561101827512894,2
1056,1106,"(1056,1106)",0.00018555942377984186,2
822,1012,"(822,1012)",0.00018515179523072138,2
1054,1057,"(1054,1057)",0.0001851208193644442,2
682,588,"(682,588)",0.00018490096306153977,2
822,826,"(822,826)",0.0001847214526777377,2
1009,684,"(1009,684)",0.00018426754237736045,2
542,635,"(542,635)",0.00018408773690288102,2
684,823,"(684,823)",0.00018404279121151114,2
914,1199,"(914,1199)",0.00018388584667931244,2
916,1007,"(916,1007)",0.00018374125758114607,2
1009,1247,"(1009,1247)",0.00018374107726281243,2
682,1009,"(682,1009)",0.0001837359405744327,2
916,684,"(916,684)",0.00018348622489477702,2
915,636,"(915,636)",0.00018328702188394309,2
774,731,"(774,731)",0.00018321884764492828,2
59,588,"(59,588)",0.0001829214440101839,2
961,824,"(961,824)",0.00018288666608788458,2
868,636,"(868,636)",0.00018281923218410384,2
962,684,"(962,684)",0.00018270721133120695,2
1007,73,"(1007,73)",0.00018270501410546836,2
821,1057,"(821,1057)",0.0001826667090718423,2
1402,774,"(1402,774)",0.00018223491979610406,2
1056,681,"(1056,681)",0.00018222804258776965,2
821,778,"(821,778)",0.00018191964149940796,2
916,637,"(916,637)",0.00018175223439484262,2
1009,1243,"(1009,1243)",0.00018171002047521657,2
869,826,"(869,826)",0.00018152422251851768,2
1245,1291,"(1245,1291)",0.00018104479630392034,2
824,961,"(824,961)",0.0001807051310750935,2
822,1013,"(822,1013)",0.0001803829474737104,2
731,963,"(731,963)",0.00018029533367722538,2
727,916,"(727,916)",0.00018026271069323968,2
82,87,"(82,87)",0.0001802286461901619,2
1056,867,"(1056,867)",0.00018022336844582954,2
1101,727,"(1101,727)",0.00018017798370347052,2
145,1055,"(145,1055)",0.00018015630284771967,2
1403,1101,"(1403,1101)",0.00018015476974820536,2
1403,823,"(1403,823)",0.00018008980464288374,2
869,1198,"(869,1198)",0.00018006686545551652,2
115,915,"(115,915)",0.00017989239754959092,2
868,1012,"(868,1012)",0.00017972039869691193,2
961,1152,"(961,1152)",0.0001796684680654436,2
1449,774,"(1449,774)",0.00017966395032187492,2
1059,1199,"(1059,1199)",0.00017938115533063258,2
784,916,"(784,916)",0.00017928191778872755,2
785,824,"(785,824)",0.00017913941349096858,2
914,12,"(914,12)",0.00017910611906983055,2
1198,1059,"(1198,1059)",0.00017896440703415862,2
588,915,"(588,915)",0.00017892470964715051,2
1009,588,"(1009,588)",0.00017879439244195683,2
1059,115,"(1059,115)",0.00017863911130604063,2
914,918,"(914,918)",0.00017860712873851784,2
59,777,"(59,777)",0.00017855202775023292,2
775,913,"(775,913)",0.00017847931220264551,2
681,636,"(681,636)",0.0001784472792020222,2
1008,1196,"(1008,1196)",0.00017841934346520054,2
1198,1198,"(1198,1198)",0.00017790848369262765,2
634,914,"(634,914)",0.00017789507131925778,2
145,115,"(145,115)",0.00017752072078750414,2
145,963,"(145,963)",0.00017751185876095998,2
681,637,"(681,637)",0.00017747168352950343,2
1009,1107,"(1009,1107)",0.0001773380791129665,2
1059,1198,"(1059,1198)",0.00017733144474318333,2
682,915,"(682,915)",0.00017722599578399756,2
1056,1198,"(1056,1198)",0.00017693417697017664,2
914,1198,"(914,1198)",0.00017674628073941092,2
867,1007,"(867,1007)",0.00017664134967892097,2
1403,73,"(1403,73)",0.00017661086808986996,2
636,73,"(636,73)",0.00017634075389688205,2
915,827,"(915,827)",0.0001763164295701424,2
915,684,"(915,684)",0.00017615980324236106,2
1055,1199,"(1055,1199)",0.00017570136010541508,2
115,1198,"(115,1198)",0.0001755279200141483,2
634,634,"(634,634)",0.0001753289283484318,2
728,778,"(728,778)",0.0001752918315426861,2
1198,1151,"(1198,1151)",0.00017504332384458401,2
777,1055,"(777,1055)",0.00017503020930892122,2
913,1101,"(913,1101)",0.00017499816120694083,2
1054,1058,"(1054,1058)",0.00017483397429736558,2
1055,731,"(1055,731)",0.00017481035656172002,2
634,776,"(634,776)",0.00017454690303089047,2
737,737,"(737,737)",0.00017453706832475232,2
822,106,"(822,106)",0.00017444331427700062,2
1402,73,"(1402,73)",0.00017441928021283399,2
1054,635,"(1054,635)",0.0001742550675116617,2
774,1197,"(774,1197)",0.00017413653121832793,2
145,1056,"(145,1056)",0.0001739385586415738,2
1103,1197,"(1103,1197)",0.00017363407149169842,2
1008,1339,"(1008,1339)",0.00017337712708031925,2
1291,1245,"(1291,1245)",0.00017335531276258431,2
1245,1338,"(1245,1338)",0.0001732967673772419,2
1054,1245,"(1054,1245)",0.00017278474945079045,2
1008,824,"(1008,824)",0.00017247720433575855,2
961,1246,"(961,1246)",0.00017246093238665832,2
915,1151,"(915,1151)",0.0001723794317041184,2
822,921,"(822,921)",0.00017228213682834496,2
916,965,"(916,965)",0.00017202983495850818,2
635,916,"(635,916)",0.00017185371884182498,2
775,543,"(775,543)",0.0001718106632643915,2
73,543,"(73,543)",0.00017169803702730166,2
913,774,"(913,774)",0.00017136577260923672,2
869,496,"(869,496)",0.00017132684035863535,2
681,684,"(681,684)",0.00017106145547580756,2
822,1199,"(822,1199)",0.00017105124153751828,2
589,728,"(589,728)",0.00017087700296659672,2
1197,1293,"(1197,1293)",0.00017074625663960434,2
821,449,"(821,449)",0.00017069300466674795,2
962,1339,"(962,1339)",0.00017041181243289145,2
637,684,"(637,684)",0.00017037235418633558,2
115,1243,"(115,1243)",0.00017027491739407668,2
914,1058,"(914,1058)",0.00017020835662338185,2
1449,87,"(1449,87)",0.00017011776883191898,2
1054,731,"(1054,731)",0.00017007613771562402,2
784,961,"(784,961)",0.0001699947002068634,2
1101,1199,"(1101,1199)",0.000169930212362985,2
824,683,"(824,683)",0.00016964502339361425,2
1402,775,"(1402,775)",0.00016953170986590434,2
1198,1243,"(1198,1243)",0.00016950876749603622,2
823,872,"(823,872)",0.0001694384544526273,2
868,106,"(868,106)",0.0001692459395029484,2
962,1106,"(962,1106)",0.0001691079020409403,2
635,355,"(635,355)",0.00016894316264070484,2
1008,1106,"(1008,1106)",0.00016887291646928643,2
915,1106,"(915,1106)",0.0001688227428756464,2
913,867,"(913,867)",0.00016879428970280658,2
59,635,"(59,635)",0.00016873942398601177,2
962,59,"(962,59)",0.00016869883376552218,2
1012,1009,"(1012,1009)",0.00016812827488976818,2
1101,635,"(1101,635)",0.00016800976188914324,2
822,1246,"(822,1246)",0.0001679472968663073,2
101,774,"(101,774)",0.00016791486225988778,2
1102,774,"(1102,774)",0.00016787501800028274,2
1055,1246,"(1055,1246)",0.00016744852551498691,2
785,1059,"(785,1059)",0.00016736771314876218,2
1059,1152,"(1059,1152)",0.00016710063529324411,2
916,1058,"(916,1058)",0.0001670235055072874,2
775,1292,"(775,1292)",0.0001669786634133565,2
823,1198,"(823,1198)",0.00016668952592263064,2
542,589,"(542,589)",0.00016668879201227454,2
785,115,"(785,115)",0.00016664273182711792,2
821,918,"(821,918)",0.00016655632544098763,2
821,636,"(821,636)",0.0001665186772678663,2
776,589,"(776,589)",0.00016631714852449335,2
1055,913,"(1055,913)",0.00016629885582314515,2
82,1054,"(82,1054)",0.00016623832255282132,2
1058,106,"(1058,106)",0.00016592416418169823,2
737,1292,"(737,1292)",0.0001657748832644836,2
728,449,"(728,449)",0.00016573771979515965,2
1009,1338,"(1009,1338)",0.00016542311333249046,2
868,1339,"(868,1339)",0.0001654011803289992,2
731,635,"(731,635)",0.00016536868960523028,2
868,1246,"(868,1246)",0.00016535101307260867,2
636,728,"(636,728)",0.00016531762156054474,2
1449,1308,"(1449,1308)",0.0001648718160809238,2
778,777,"(778,777)",0.0001647659647648189,2
868,496,"(868,496)",0.00016475999577898195,2
824,774,"(824,774)",0.00016464558366109352,2
914,1105,"(914,1105)",0.00016459402270507605,2
728,1101,"(728,1101)",0.00016455156261420433,2
59,59,"(59,59)",0.0001644868181208553,2
682,729,"(682,729)",0.00016446945415007748,2
868,495,"(868,495)",0.0001643892674989374,2
963,96,"(963,96)",0.00016428551560577364,2
1101,913,"(1101,913)",0.00016418029492535586,2
541,59,"(541,59)",0.00016409183631853078,2
1245,1246,"(1245,1246)",0.00016406762115079099,2
869,917,"(869,917)",0.0001638748473572268,2
681,101,"(681,101)",0.00016369898849916657,2
868,1151,"(868,1151)",0.00016366401440554856,2
1198,1199,"(1198,1199)",0.0001633948440108256,2
635,541,"(635,541)",0.0001633604474589998,2
824,87,"(824,87)",0.0001633222513054687,2
682,589,"(682,589)",0.0001630023283236399,2
1449,961,"(1449,961)",0.00016297666704104028,2
145,1199,"(145,1199)",0.00016257449602175315,2
1059,1106,"(1059,1106)",0.00016250654608407738,2
1007,101,"(1007,101)",0.00016247015563023568,2
541,588,"(541,588)",0.00016239994550388808,2
636,588,"(636,588)",0.00016206498456238023,2
1198,1244,"(1198,1244)",0.0001619497371813623,2
867,682,"(867,682)",0.00016189756570183768,2
1197,1292,"(1197,1292)",0.00016183129750911823,2
1198,961,"(1198,961)",0.00016176941612372134,2
868,826,"(868,826)",0.0001616990282933055,2
737,59,"(737,59)",0.00016151641910474259,2
868,1199,"(868,1199)",0.00016134936138318247,2
731,731,"(731,731)",0.00016116059911499677,2
1402,1054,"(1402,1054)",0.00016083896555844595,2
913,82,"(913,82)",0.00016066802153582476,2
1402,1101,"(1402,1101)",0.00016065017684713855,2
1102,82,"(1102,82)",0.00016040418860977624,2
1402,1008,"(1402,1008)",0.00015961593264636568,2
731,869,"(731,869)",0.00015925107898514024,2
728,684,"(728,684)",0.00015902081405095613,2
775,496,"(775,496)",0.00015858329678038736,2
1009,1152,"(1009,1152)",0.000158267232455072,2
1403,916,"(1403,916)",0.00015823357173064568,2
1101,1243,"(1101,1243)",0.0001581392095732989,2
145,1058,"(145,1058)",0.00015808184579179643,2
1198,1012,"(1198,1012)",0.00015795067994552744,2
82,635,"(82,635)",0.00015774492759890115,2
869,872,"(869,872)",0.00015769255881677396,2
681,778,"(681,778)",0.00015755898754081347,2
775,918,"(775,918)",0.00015755862530319046,2
1007,1056,"(1007,1056)",0.00015732037200528578,2
145,731,"(145,731)",0.00015721838705407224,2
737,684,"(737,684)",0.00015717776520078584,2
1101,1057,"(1101,1057)",0.00015701772730209807,2
823,1007,"(823,1007)",0.00015696757243848343,2
1197,962,"(1197,962)",0.00015692881502015827,2
1008,1291,"(1008,1291)",0.00015681388938501478,2
914,1246,"(914,1246)",0.00015633822916113905,2
82,1056,"(82,1056)",0.00015625879222894086,2
1403,774,"(1403,774)",0.00015613414593563656,2
541,589,"(541,589)",0.00015601747879474302,2
1402,728,"(1402,728)",0.00015586438112940028,2
82,1101,"(82,1101)",0.0001557355990881183,2
916,1012,"(916,1012)",0.00015566490584727213,2
821,1012,"(821,1012)",0.00015480552538396685,2
1058,965,"(1058,965)",0.0001545049363378716,2
961,589,"(961,589)",0.00015447299693197754,2
682,916,"(682,916)",0.00015430270178312167,2
867,1059,"(867,1059)",0.00015417352647061178,2
145,1308,"(145,1308)",0.00015415006812335988,2
1198,115,"(1198,115)",0.00015404742508729605,2
1055,1007,"(1055,1007)",0.00015400305612218407,2
541,635,"(541,635)",0.00015392818831489095,2
962,1151,"(962,1151)",0.00015368160629624975,2
1055,1292,"(1055,1292)",0.00015359929006163238,2
96,101,"(96,101)",0.00015309093843046453,2
1449,1054,"(1449,1054)",0.00015303369382627485,2
87,634,"(87,634)",0.00015299341556262368,2
869,1013,"(869,1013)",0.00015284545776611977,2
681,541,"(681,541)",0.00015278603460607324,2
731,682,"(731,682)",0.00015274931289100226,2
868,449,"(868,449)",0.0001526776328390745,2
785,1056,"(785,1056)",0.000152439978167173,2
775,495,"(775,495)",0.00015228174535591933,2
776,543,"(776,543)",0.00015185692136910898,2
115,1292,"(115,1292)",0.0001517876202017533,2
73,542,"(73,542)",0.00015170965136862593,2
728,541,"(728,541)",0.00015163322483058284,2
1198,1009,"(1198,1009)",0.0001512742768416484,2
916,913,"(916,913)",0.00015117899416394994,2
542,59,"(542,59)",0.0001511473616467881,2
822,917,"(822,917)",0.00015109966662146508,2
785,1054,"(785,1054)",0.00015100601466333925,2
681,1101,"(681,1101)",0.00015097954170179803,2
1245,115,"(1245,115)",0.00015094217487636262,2
824,635,"(824,635)",0.00015087427320982605,2
87,589,"(87,589)",0.00015085839393177164,2
635,731,"(635,731)",0.00015074269174485287,2
1059,12,"(1059,12)",0.00015052948262525752,2
776,1102,"(776,1102)",0.00015050514349275367,2
784,868,"(784,868)",0.00015047679518216726,2
115,1012,"(115,1012)",0.00015024955089983335,2
1106,1009,"(1106,1009)",0.00015014611791049458,2
73,496,"(73,496)",0.0001501058949093526,2
962,106,"(962,106)",0.00015010157385811492,2
1056,1197,"(1056,1197)",0.00015008403224684358,2
635,1008,"(635,1008)",0.0001500680679280956,2
1449,1055,"(1449,1055)",0.0001500659236592005,2
1009,1294,"(1009,1294)",0.00015005737881483534,2
1197,1058,"(1197,1058)",0.0001500485154390862,2
728,496,"(728,496)",0.00014989865146944795,2
1008,1293,"(1008,1293)",0.00014978984304995789,2
96,867,"(96,867)",0.00014971239499466686,2
1054,1103,"(1054,1103)",0.00014970469571187644,2
916,682,"(916,682)",0.000149528956929549,2
684,684,"(684,684)",0.00014950491756341334,2
1105,1059,"(1105,1059)",0.00014946424540097778,2
101,775,"(101,775)",0.00014942306251409924,2
727,869,"(727,869)",0.00014899088745354093,2
962,12,"(962,12)",0.00014893447047432582,2
681,824,"(681,824)",0.00014889828890825182,2
1102,1197,"(1102,1197)",0.00014889226490021897,2
869,1243,"(869,1243)",0.00014886813657842774,2
962,637,"(962,637)",0.00014868533676882782,2
913,823,"(913,823)",0.00014864262142753445,2
916,78,"(916,78)",0.00014859017016156028,2
737,1013,"(737,1013)",0.00014856940302788568,2
727,867,"(727,867)",0.00014844302569391507,2
775,78,"(775,78)",0.00014838204400843073,2
775,541,"(775,541)",0.00014834170245092585,2
915,1244,"(915,1244)",0.00014826888529025092,2
87,115,"(87,115)",0.00014819348282980454,2
684,731,"(684,731)",0.0001480851419002364,2
1198,1152,"(1198,1152)",0.00014806636501171018,2
869,1105,"(869,1105)",0.00014788634001510213,2
785,82,"(785,82)",0.000147883832614701,2
1197,914,"(1197,914)",0.0001475599521975537,2
823,106,"(823,106)",0.0001469418709928787,2
589,542,"(589,542)",0.00014690249255808609,2
101,82,"(101,82)",0.00014673955413728478,2
869,1246,"(869,1246)",0.00014662841932838307,2
785,1102,"(785,1102)",0.00014619759142572194,2
737,682,"(737,682)",0.00014617738349395642,2
1007,823,"(1007,823)",0.0001461416089178941,2
1055,1243,"(1055,1243)",0.0001460840115035185,2
913,728,"(913,728)",0.00014584819772271894,2
737,965,"(737,965)",0.0001458131311996194,2
777,918,"(777,918)",0.0001449198096422579,2
961,1243,"(961,1243)",0.0001448392828044327,2
821,541,"(821,541)",0.00014469503360182683,2
542,542,"(542,542)",0.00014468782556685306,2
824,727,"(824,727)",0.0001446348948080817,2
775,1197,"(775,1197)",0.00014459317700194597,2
737,1012,"(737,1012)",0.00014455881862466497,2
913,1007,"(913,1007)",0.00014436538169222693,2
962,1244,"(962,1244)",0.0001443540177600964,2
822,542,"(822,542)",0.00014429737516477264,2
737,1246,"(737,1246)",0.00014383802370755513,2
106,1012,"(106,1012)",0.00014377759591299898,2
823,1013,"(823,1013)",0.0001435870930866438,2
961,1103,"(961,1103)",0.00014351101972395972,2
1197,1103,"(1197,1103)",0.0001434211608624582,2
1009,1293,"(1009,1293)",0.00014338990174810618,2
915,496,"(915,496)",0.00014312079055245808,2
962,1152,"(962,1152)",0.00014306931033531507,2
1007,822,"(1007,822)",0.000143056833251053,2
963,82,"(963,82)",0.00014297528664876578,2
1403,962,"(1403,962)",0.0001428356433041006,2
913,1055,"(913,1055)",0.0001427776705859949,2
115,1245,"(115,1245)",0.00014250628101684487,2
1101,776,"(1101,776)",0.0001424042407344445,2
916,778,"(916,778)",0.00014232565763957952,2
822,1243,"(822,1243)",0.0001421826006821791,2
963,635,"(963,635)",0.00014214805801216122,2
1102,731,"(1102,731)",0.00014207908363254653,2
823,92,"(823,92)",0.00014202657690061182,2
1449,683,"(1449,683)",0.00014202618491364252,2
682,869,"(682,869)",0.00014171920857840694,2
115,962,"(115,962)",0.00014146463488163796,2
823,355,"(823,355)",0.00014136662932004993,2
1402,1055,"(1402,1055)",0.0001413624023098148,2
683,355,"(683,355)",0.00014135874204148954,2
1009,1339,"(1009,1339)",0.000141067702474116,2
731,87,"(731,87)",0.00014101710084155273,2
869,106,"(869,106)",0.0001409879835892006,2
82,913,"(82,913)",0.00014086553323205592,2
784,963,"(784,963)",0.00014064327995443233,2
913,775,"(913,775)",0.00014050749184187696,2
681,1056,"(681,1056)",0.00014046971201167306,2
145,1246,"(145,1246)",0.00014042923064104776,2
115,1199,"(115,1199)",0.00014038399061947214,2
73,96,"(73,96)",0.00014003859260298393,2
784,962,"(784,962)",0.00013975071424092767,2
737,1199,"(737,1199)",0.0001396223762679115,2
784,823,"(784,823)",0.0001395896339864701,2
785,78,"(785,78)",0.00013957568303163512,2
1056,87,"(1056,87)",0.00013955162235503415,2
1056,1245,"(1056,1245)",0.00013950662734665505,2
145,635,"(145,635)",0.00013936561503350285,2
1058,961,"(1058,961)",0.00013936512671440702,2
869,1244,"(869,1244)",0.00013913503466483004,2
962,1291,"(962,1291)",0.00013908960184729312,2
1449,963,"(1449,963)",0.00013907675999542312,2
825,825,"(825,825)",0.0001390235193486537,2
634,916,"(634,916)",0.00013901239239480327,2
145,1307,"(145,1307)",0.00013900456890685245,2
1008,1153,"(1008,1153)",0.00013889236701300852,2
87,918,"(87,918)",0.00013885546429234864,2
737,827,"(737,827)",0.00013881652953591058,2
683,824,"(683,824)",0.00013864024772263626,2
784,728,"(784,728)",0.00013843477478741575,2
1055,106,"(1055,106)",0.00013835308626275092,2
635,684,"(635,684)",0.00013829655679953572,2
776,96,"(776,96)",0.00013802490629786224,2
59,683,"(59,683)",0.00013798725570810509,2
821,78,"(821,78)",0.00013793598309500314,2
1059,1247,"(1059,1247)",0.0001378397212435432,2
1059,1246,"(1059,1246)",0.0001377346456313644,2
774,913,"(774,913)",0.00013773438556383998,2
731,637,"(731,637)",0.00013769432384934873,2
916,1105,"(916,1105)",0.00013768096634660394,2
867,731,"(867,731)",0.00013762594535906433,2
145,1245,"(145,1245)",0.00013748363722383117,2
737,1294,"(737,1294)",0.0001373502147637713,2
1246,1197,"(1246,1197)",0.00013726555444702849,2
682,59,"(682,59)",0.00013707494958391415,2
115,1103,"(115,1103)",0.00013705414134210892,2
1101,1292,"(1101,1292)",0.00013699228792409858,2
823,733,"(823,733)",0.00013695302359259447,2
731,824,"(731,824)",0.00013694012487672428,2
822,733,"(822,733)",0.00013663097456660507,2
106,1013,"(106,1013)",0.0001365743817286022,2
541,543,"(541,543)",0.00013635312782781325,2
495,589,"(495,589)",0.00013634779002192523,2
145,106,"(145,106)",0.0001362494294874405,2
784,1009,"(784,1009)",0.00013618405506108045,2
681,402,"(681,402)",0.0001360626169064813,2
73,355,"(73,355)",0.0001359891138111289,2
737,778,"(737,778)",0.00013584408251780916,2
1059,962,"(1059,962)",0.00013573817610082798,2
1246,1059,"(1246,1059)",0.00013538296747737884,2
1292,1245,"(1292,1245)",0.0001350546147890245,2
1403,776,"(1403,776)",0.00013492302407507191,2
962,542,"(962,542)",0.00013492056372157643,2
589,543,"(589,543)",0.00013472205084145172,2
963,1059,"(963,1059)",0.00013472003047566822,2
784,87,"(784,87)",0.00013471463340326172,2
589,73,"(589,73)",0.0001346273452210776,2
101,1245,"(101,1245)",0.0001345768151868258,2
822,1244,"(822,1244)",0.00013445297923110673,2
1402,1056,"(1402,1056)",0.0001342593285781555,2
776,1197,"(776,1197)",0.00013410899106093695,2
1054,1199,"(1054,1199)",0.00013406858008183144,2
868,356,"(868,356)",0.00013405597112607043,2
1059,1294,"(1059,1294)",0.00013400825739839117,2
869,1149,"(869,1149)",0.00013383546435038538,2
961,1244,"(961,1244)",0.00013381597223432583,2
868,871,"(868,871)",0.0001338036762175707,2
963,683,"(963,683)",0.0001337008577975011,2
915,1338,"(915,1338)",0.00013367961990207774,2
1054,634,"(1054,634)",0.0001333873426605094,2
774,496,"(774,496)",0.00013303592821383938,2
824,1056,"(824,1056)",0.00013293007830255475,2
1056,776,"(1056,776)",0.00013280645371215909,2
1103,1198,"(1103,1198)",0.00013272389313282416,2
785,682,"(785,682)",0.00013260770990267947,2
868,1244,"(868,1244)",0.00013248280259446385,2
1403,87,"(1403,87)",0.00013245608532454046,2
731,684,"(731,684)",0.00013245164240585457,2
869,779,"(869,779)",0.00013243135862810756,2
822,496,"(822,496)",0.00013225732662275103,2
821,965,"(821,965)",0.0001321194099359938,2
1102,728,"(1102,728)",0.0001319078929091708,2
637,821,"(637,821)",0.000131668108614297,2
962,1149,"(962,1149)",0.00013164946003926562,2
872,872,"(872,872)",0.0001314569625863238,2
106,965,"(106,965)",0.00013136741259708502,2
682,822,"(682,822)",0.00013128296145032233,2
683,1056,"(683,1056)",0.00013126315972635373,2
737,1243,"(737,1243)",0.00013125128137497194,2
1403,775,"(1403,775)",0.00013123571133253774,2
1101,1245,"(1101,1245)",0.0001311671778718569,2
962,1293,"(962,1293)",0.0001311028915029433,2
101,681,"(101,681)",0.0001308704853449498,2
588,355,"(588,355)",0.00013086228030887353,2
73,1197,"(73,1197)",0.00013086027591817481,2
1013,1059,"(1013,1059)",0.0001308317251644532,2
1244,1245,"(1244,1245)",0.00013081971721696958,2
729,82,"(729,82)",0.00013068816632254846,2
822,1105,"(822,1105)",0.0001306687350709433,2
775,965,"(775,965)",0.00013048932678781674,2
73,1012,"(73,1012)",0.0001304738497421066,2
731,775,"(731,775)",0.00013036693140398,2
916,1292,"(916,1292)",0.00013011354561881215,2
869,1021,"(869,1021)",0.00013008599396326147,2
822,1152,"(822,1152)",0.00013007404439595942,2
682,684,"(682,684)",0.0001296714063796297,2
1197,1244,"(1197,1244)",0.00012961055813682512,2
635,82,"(635,82)",0.00012954637288185142,2
915,542,"(915,542)",0.0001293043576101879,2
868,1338,"(868,1338)",0.00012915954020709003,2
777,78,"(777,78)",0.00012913253428177627,2
868,773,"(868,773)",0.00012911564311570683,2
868,1291,"(868,1291)",0.0001289596215560287,2
823,1199,"(823,1199)",0.00012888524463078272,2
777,96,"(777,96)",0.000128801259808032,2
823,638,"(823,638)",0.00012879716571401932,2
867,965,"(867,965)",0.00012879228646210363,2
1403,914,"(1403,914)",0.000128780982436235,2
1055,1152,"(1055,1152)",0.00012870704747834082,2
1012,1013,"(1012,1013)",0.00012857304541101034,2
1197,1291,"(1197,1291)",0.00012854945118212467,2
636,637,"(636,637)",0.0001285341692891678,2
822,449,"(822,449)",0.000128493806333629,2
1197,1055,"(1197,1055)",0.00012844241088196594,2
916,589,"(916,589)",0.00012837573952966013,2
1402,962,"(1402,962)",0.00012822427198236274,2
1055,1013,"(1055,1013)",0.00012817807553235156,2
823,825,"(823,825)",0.0001281553781627177,2
87,588,"(87,588)",0.00012812594066757775,2
1102,115,"(1102,115)",0.0001278720516192072,2
1101,731,"(1101,731)",0.00012770192246834214,2
87,1197,"(87,1197)",0.00012769874195607227,2
1012,106,"(1012,106)",0.00012766567121327656,2
589,823,"(589,823)",0.0001276282487770184,2
821,779,"(821,779)",0.00012753860271702997,2
542,496,"(542,496)",0.0001275099985927456,2
823,1057,"(823,1057)",0.0001274060179392771,2
962,778,"(962,778)",0.00012730396580413464,2
785,1058,"(785,1058)",0.00012729005174738056,2
775,1007,"(775,1007)",0.00012723022145352177,2
1449,1056,"(1449,1056)",0.00012718157200771298,2
682,774,"(682,774)",0.00012707445548449831,2
961,1105,"(961,1105)",0.00012687711367582893,2
729,1056,"(729,1056)",0.00012682298316371357,2
915,1243,"(915,1243)",0.00012680628875967636,2
115,1244,"(115,1244)",0.00012673737921569392,2
785,1245,"(785,1245)",0.00012667162928081804,2
115,1056,"(115,1056)",0.0001265303347603432,2
777,1197,"(777,1197)",0.000126476877999358,2
731,822,"(731,822)",0.00012646520953355997,2
635,962,"(635,962)",0.00012625987697090034,2
1106,1058,"(1106,1058)",0.000125965888820471,2
145,1012,"(145,1012)",0.0001259089104544238,2
1101,683,"(1101,683)",0.00012587936011785428,2
1059,1153,"(1059,1153)",0.00012586519891883446,2
868,1196,"(868,1196)",0.00012571677239895364,2
868,866,"(868,866)",0.000125526358333931,2
1055,824,"(1055,824)",0.0001254888312102599,2
1403,1403,"(1403,1403)",0.00012547795444001585,2
784,681,"(784,681)",0.0001254772862806225,2
115,1196,"(115,1196)",0.0001254280218656351,2
1245,1244,"(1245,1244)",0.00012538427110795917,2
916,588,"(916,588)",0.00012533579064224565,2
82,96,"(82,96)",0.00012521739525232027,2
1055,1291,"(1055,1291)",0.00012519566107651036,2
634,915,"(634,915)",0.00012516719606369957,2
916,921,"(916,921)",0.00012516240571566807,2
961,918,"(961,918)",0.00012503179117918462,2
101,728,"(101,728)",0.00012494110445303479,2
1008,1247,"(1008,1247)",0.00012473578228520382,2
823,496,"(823,496)",0.00012452230483364285,2
961,637,"(961,637)",0.00012431389572925618,2
1054,1244,"(1054,1244)",0.00012425230240433,2
823,495,"(823,495)",0.00012421873142380536,2
96,1101,"(96,1101)",0.0001240770917676512,2
916,1103,"(916,1103)",0.0001240564351181853,2
915,1339,"(915,1339)",0.00012386194163607392,2
1245,962,"(1245,962)",0.00012381858038157362,2
1054,1243,"(1054,1243)",0.00012379286023672643,2
683,867,"(683,867)",0.00012379254749753858,2
916,543,"(916,543)",0.0001237761664198645,2
775,1057,"(775,1057)",0.0001235817034942814,2
637,635,"(637,635)",0.00012354680511592828,2
731,821,"(731,821)",0.00012352570806981958,2
1054,682,"(1054,682)",0.00012352144813699466,2
737,637,"(737,637)",0.00012351385627171142,2
1056,12,"(1056,12)",0.00012345470305998013,2
681,1054,"(681,1054)",0.0001232730287800298,2
915,1013,"(915,1013)",0.00012326623658139884,2
867,1199,"(867,1199)",0.00012323462061173898,2
916,106,"(916,106)",0.00012320079134697792,2
915,449,"(915,449)",0.00012317540947832177,2
637,868,"(637,868)",0.00012304409520517027,2
821,827,"(821,827)",0.00012302737949699077,2
823,1246,"(823,1246)",0.00012280573408215707,2
1007,728,"(1007,728)",0.00012267329637804812,2
637,823,"(637,823)",0.0001226493702201648,2
1197,1242,"(1197,1242)",0.0001226420681750517,2
87,637,"(87,637)",0.00012258732922975363,2
913,913,"(913,913)",0.00012257463226844395,2
914,1243,"(914,1243)",0.0001225714363635842,2
1009,921,"(1009,921)",0.00012247779586296642,2
914,78,"(914,78)",0.0001224155062757796,2
1059,1055,"(1059,1055)",0.00012240521721814014,2
1245,1008,"(1245,1008)",0.00012234300286015722,2
868,1293,"(868,1293)",0.00012230266530653238,2
96,774,"(96,774)",0.00012220854615627394,2
1055,1244,"(1055,1244)",0.00012220800199133026,2
1246,1292,"(1246,1292)",0.00012190610323177554,2
961,59,"(961,59)",0.00012179489440138052,2
589,774,"(589,774)",0.00012174208212836788,2
106,1058,"(106,1058)",0.00012171230388030035,2
1007,1007,"(1007,1007)",0.00012152506649120389,2
682,727,"(682,727)",0.00012150845642511655,2
1055,729,"(1055,729)",0.00012106454886965663,2
915,826,"(915,826)",0.00012106074778888421,2
821,773,"(821,773)",0.00012100798450175458,2
683,82,"(683,82)",0.00012068069991177276,2
963,727,"(963,727)",0.00012059193007955628,2
1058,962,"(1058,962)",0.00012054764544865124,2
872,779,"(872,779)",0.00012049880289318574,2
917,87,"(917,87)",0.00012049843029838457,2
915,1291,"(915,1291)",0.00012039586363479186,2
1402,777,"(1402,777)",0.00012037944401715985,2
869,495,"(869,495)",0.0001203427907014193,2
1102,776,"(1102,776)",0.00012031460786429262,2
869,734,"(869,734)",0.00012025044293137414,2
115,1152,"(115,1152)",0.00012021363561231961,2
821,1198,"(821,1198)",0.00012011878429152104,2
1009,1108,"(1009,1108)",0.00011963540567229142,2
542,681,"(542,681)",0.00011946804333455987,2
914,1012,"(914,1012)",0.00011941737652215858,2
962,827,"(962,827)",0.00011925251271694924,2
684,638,"(684,638)",0.00011919551538895473,2
588,82,"(588,82)",0.00011918254036339265,2
588,496,"(588,496)",0.00011914660908225753,2
1007,775,"(1007,775)",0.00011896444134766631,2
962,636,"(962,636)",0.00011889445285972162,2
589,775,"(589,775)",0.0001188570848992914,2
96,822,"(96,822)",0.00011881873531250086,2
1403,1307,"(1403,1307)",0.0001187303996983034,2
821,866,"(821,866)",0.00011869162745307059,2
916,917,"(916,917)",0.00011868658394218723,2
737,1151,"(737,1151)",0.00011866034045647226,2
82,776,"(82,776)",0.00011854444277288033,2
915,1107,"(915,1107)",0.00011841893709075696,2
785,1199,"(785,1199)",0.00011839889017034912,2
784,1101,"(784,1101)",0.00011839087660970733,2
73,918,"(73,918)",0.00011834421826088589,2
961,12,"(961,12)",0.00011829911234009849,2
1054,1246,"(1054,1246)",0.00011828902190648767,2
914,1244,"(914,1244)",0.00011823814068438337,2
915,779,"(915,779)",0.0001179321866165886,2
1244,1197,"(1244,1197)",0.00011792994600449359,2
774,355,"(774,355)",0.00011783690847652547,2
1101,1103,"(1101,1103)",0.00011773348313725627,2
728,115,"(728,115)",0.0001176976998866079,2
588,731,"(588,731)",0.00011764892929711652,2
96,869,"(96,869)",0.00011737743720807841,2
82,1102,"(82,1102)",0.00011735669201036209,2
823,402,"(823,402)",0.00011726423664949959,2
965,106,"(965,106)",0.00011714849308560518,2
683,101,"(683,101)",0.00011712747014820709,2
634,869,"(634,869)",0.00011698545369315946,2
115,1008,"(115,1008)",0.00011697813721236153,2
1101,106,"(1101,106)",0.0001169256341265405,2
823,1021,"(823,1021)",0.00011684409179333301,2
635,963,"(635,963)",0.00011677879457521926,2
737,496,"(737,496)",0.00011677146356091091,2
958,958,"(958,958)",0.00011667227876482329,2
823,828,"(823,828)",0.00011654223464197669,2
869,1293,"(869,1293)",0.00011638824862676039,2
1101,1198,"(1101,1198)",0.00011638666973369974,2
728,1102,"(728,1102)",0.00011631773729549224,2
963,1245,"(963,1245)",0.00011630488571329533,2
1056,775,"(1056,775)",0.00011622012357305775,2
1008,1107,"(1008,1107)",0.00011621549209736169,2
737,784,"(737,784)",0.00011619691040555873,2
635,101,"(635,101)",0.00011603005858067602,2
1008,918,"(1008,918)",0.00011597205626414065,2
1012,1107,"(1012,1107)",0.00011592903260081917,2
1058,1013,"(1058,1013)",0.00011588188544887382,2
634,729,"(634,729)",0.00011582316586303879,2
145,82,"(145,82)",0.00011549785493101133,2
1009,826,"(1009,826)",0.00011546063468863168,2
777,1059,"(777,1059)",0.00011536366834137629,2
869,733,"(869,733)",0.0001152142915834618,2
729,636,"(729,636)",0.00011521249398819981,2
914,1196,"(914,1196)",0.00011518007412404707,2
1055,1105,"(1055,1105)",0.00011516982075070862,2
1059,914,"(1059,914)",0.00011493573927294813,2
727,82,"(727,82)",0.00011486702679078016,2
636,681,"(636,681)",0.00011486037147020276,2
635,449,"(635,449)",0.00011483380469134272,2
588,448,"(588,448)",0.00011480092691026668,2
684,1009,"(684,1009)",0.00011478894200393255,2
822,402,"(822,402)",0.00011468159198408775,2
59,637,"(59,637)",0.00011466283803099426,2
914,965,"(914,965)",0.00011458030298690216,2
775,826,"(775,826)",0.00011452703591511016,2
868,917,"(868,917)",0.00011449829989122443,2
784,1008,"(784,1008)",0.00011447103174104669,2
916,1291,"(916,1291)",0.00011434879867011355,2
737,734,"(737,734)",0.00011427199994037432,2
1198,1292,"(1198,1292)",0.0001142532792419401,2
589,495,"(589,495)",0.00011416344969423823,2
869,1339,"(869,1339)",0.00011394625351874363,2
918,965,"(918,965)",0.00011390976526971233,2
115,777,"(115,777)",0.00011389084187068018,2
1009,636,"(1009,636)",0.00011356059272177279,2
682,914,"(682,914)",0.00011352846872013512,2
1292,1292,"(1292,1292)",0.0001134889785285015,2
1106,1059,"(1106,1059)",0.00011342924195198556,2
635,496,"(635,496)",0.00011337160461375218,2
106,106,"(106,106)",0.00011332958056194911,2
963,115,"(963,115)",0.00011326778221111123,2
145,12,"(145,12)",0.00011292459507007831,2
589,683,"(589,683)",0.00011289548106918886,2
784,914,"(784,914)",0.00011288693444334788,2
776,921,"(776,921)",0.00011286169670342271,2
145,1198,"(145,1198)",0.0001128545002245166,2
822,875,"(822,875)",0.00011268648801456024,2
962,826,"(962,826)",0.00011263598954845107,2
1009,1291,"(1009,1291)",0.00011262645205719447,2
962,1013,"(962,1013)",0.0001125132449699519,2
868,1103,"(868,1103)",0.00011246781793319695,2
729,1054,"(729,1054)",0.00011230383695556936,2
684,868,"(684,868)",0.00011218788577348702,2
1012,1056,"(1012,1056)",0.00011217553938033781,2
495,542,"(495,542)",0.00011206045263343104,2
1102,1007,"(1102,1007)",0.00011197021148785961,2
1103,1101,"(1103,1101)",0.00011190707879372172,2
683,778,"(683,778)",0.0001118582947401394,2
775,921,"(775,921)",0.00011185642016047909,2
635,867,"(635,867)",0.00011176191448678425,2
1009,637,"(1009,637)",0.00011168986855813906,2
542,728,"(542,728)",0.00011156023110747582,2
776,542,"(776,542)",0.00011152881692079298,2
634,495,"(634,495)",0.0001115186146568275,2
962,78,"(962,78)",0.0001114268853750521,2
822,781,"(822,781)",0.000111395233337932,2
1008,1149,"(1008,1149)",0.00011135381812345364,2
1056,683,"(1056,683)",0.00011132421120979757,2
73,826,"(73,826)",0.0001111704250979953,2
915,1196,"(915,1196)",0.00011116048255102733,2
634,59,"(634,59)",0.00011109745546310435,2
823,542,"(823,542)",0.00011106873442429482,2
774,59,"(774,59)",0.00011100043157394517,2
1102,635,"(1102,635)",0.00011077798383905202,2
682,1008,"(682,1008)",0.0001107753439939701,2
637,588,"(637,588)",0.00011076087349556347,2
145,776,"(145,776)",0.00011072414918584717,2
1101,588,"(1101,588)",0.0001107048922194819,2
774,1059,"(774,1059)",0.00011038984563775545,2
824,915,"(824,915)",0.00011034277876066532,2
1059,1292,"(1059,1292)",0.00011026419874794708,2
1059,1196,"(1059,1196)",0.00011011457746124143,2
824,684,"(824,684)",0.00011001167321405806,2
731,914,"(731,914)",0.00010997189841232352,2
1449,731,"(1449,731)",0.00010971185160278702,2
961,965,"(961,965)",0.0001095632922741441,2
1197,1151,"(1197,1151)",0.00010951051248464191,2
914,106,"(914,106)",0.00010950952304968741,2
1449,727,"(1449,727)",0.00010945656021747522,2
635,729,"(635,729)",0.00010944066241905172,2
1198,1246,"(1198,1246)",0.0001092227188551046,2
869,1291,"(869,1291)",0.00010903696248471711,2
681,262,"(681,262)",0.00010890923627818901,2
868,12,"(868,12)",0.00010885674822115463,2
1403,1059,"(1403,1059)",0.00010870116980601185,2
869,542,"(869,542)",0.00010865868231477987,2
869,1151,"(869,1151)",0.00010859929520046108,2
634,541,"(634,541)",0.0001085558679946411,2
914,637,"(914,637)",0.00010849928387397392,2
1055,1103,"(1055,1103)",0.00010843425093898866,2
869,1107,"(869,1107)",0.00010838506012502502,2
1058,101,"(1058,101)",0.00010835659210578665,2
588,729,"(588,729)",0.00010833210731661491,2
965,1058,"(965,1058)",0.00010820140795368688,2
106,1056,"(106,1056)",0.00010808855265706302,2
1102,913,"(1102,913)",0.00010780790831224566,2
145,101,"(145,101)",0.00010780063400598292,2
961,106,"(961,106)",0.00010776287570925445,2
101,1198,"(101,1198)",0.00010749739063144712,2
821,309,"(821,309)",0.0001074723527025416,2
727,87,"(727,87)",0.00010744320132574612,2
821,1013,"(821,1013)",0.00010736171865972308,2
588,963,"(588,963)",0.00010734058306040697,2
1402,87,"(1402,87)",0.00010714962464842329,2
634,961,"(634,961)",0.00010711655766078823,2
1103,115,"(1103,115)",0.0001070757592778484,2
775,449,"(775,449)",0.00010705691018356128,2
1402,1009,"(1402,1009)",0.0001068686036402447,2
115,1246,"(115,1246)",0.00010681307266173975,2
59,636,"(59,636)",0.00010680130311070641,2
737,921,"(737,921)",0.0001067494321568905,2
115,106,"(115,106)",0.00010674020413040431,2
1198,1008,"(1198,1008)",0.00010673906258942196,2
